CREATE TABLE BO_ACT_DICT_KV_ITEM(ID  CHAR(36) NOT NULL ,ORGID  NVARCHAR2(36),BINDID  CHAR(36),CREATEDATE  DATE  NOT NULL ,CREATEUSER  NVARCHAR2(36),UPDATEDATE  DATE  NOT NULL ,UPDATEUSER  NVARCHAR2(36),PROCESSDEFID  CHAR(36),ISEND  NUMBER(1) NOT NULL ,ITEMNO  NVARCHAR2(36),CNNAME  NVARCHAR2(1000),ENNAME  NVARCHAR2(1000),BIG5NAME  NVARCHAR2(1000),EXTTEXT1  NVARCHAR2(1000),EXTTEXT2  NVARCHAR2(1000),EXTTEXT3  NVARCHAR2(1000),EXTTEXT4  NVARCHAR2(1000),EXTTEXT5  NVARCHAR2(1000),EXTTEXT6  NVARCHAR2(200),EXTTEXT7  NVARCHAR2(200),EXTTEXT8  NVARCHAR2(200),EXTTEXT9  NVARCHAR2(200),EXTTEXT10  NVARCHAR2(200),EXTINT1  NUMBER(16),EXTINT2  NUMBER(16),EXTINT3  NUMBER(16),EXTINT4  NUMBER(16),EXTINT5  NUMBER(16),EXTDOUBLE1  NUMBER(16,2),EXTDOUBLE2  NUMBER(16,2),EXTDOUBLE3  NUMBER(16,2),EXTDATE1  DATE ,EXTDATE2  DATE ,ORDERINDEX  NUMBER(10),ISACTIVE  NUMBER(1),ISSYS  NUMBER(1),DICTKEY  NVARCHAR2(64),PNO  NVARCHAR2(36),ISLEAF  NUMBER(1)) ;

CREATE TABLE BO_ACT_DICT_KV_MAIN(ID  CHAR(36) NOT NULL ,ORGID  NVARCHAR2(36),BINDID  CHAR(36),CREATEDATE  DATE  NOT NULL ,CREATEUSER  NVARCHAR2(36),UPDATEDATE  DATE  NOT NULL ,UPDATEUSER  NVARCHAR2(36),PROCESSDEFID  CHAR(36),ISEND  NUMBER(1) NOT NULL ,DICTNAME  NVARCHAR2(64),DICTKEY  NVARCHAR2(64),APPID  NVARCHAR2(128),ISCACHE  NUMBER(1),ISSYS  NUMBER(1),ISTREE  NUMBER(1),MEMO  NVARCHAR2(200),DICTMETA  NVARCHAR2(2000)) ;

CREATE TABLE WFH_FORMPRINT(ID  CHAR(36) NOT NULL ,PROCESSINSTID  CHAR(36),TASKINSTID  CHAR(36),PRINTTIME  DATE ,USERID  NVARCHAR2(36),USERNAME  NVARCHAR2(36),IPADD  NVARCHAR2(128),CONSTRAINT AWS_WFH_FORMPRINT_PK PRIMARY KEY (ID)) ;

CREATE TABLE WFH_TASK(ID  CHAR(36) NOT NULL ,PARENTTASKINSTID  CHAR(36),SCOPEID  CHAR(36),ACTIVITYTYPE  NVARCHAR2(36),ACTIVITYDEFID  CHAR(36),PROCESSINSTID  CHAR(36),PROCESSDEFID  CHAR(36),PROCESSDEFVERID  CHAR(36),PROCESSGROUPID  CHAR(36),DISPATCHID  CHAR(36),TASKTITLE  NVARCHAR2(225),TASKSTATE  NUMBER(2),CONTROLSTATE  NVARCHAR2(16),PRIORITY  NUMBER(1),OWNER  NVARCHAR2(36),TARGET  NVARCHAR2(36),DELEGATEUSER  NVARCHAR2(36),CLAIMTYPE  NUMBER(1),CLAIMRESOURCEID  NVARCHAR2(36),DUETIME  DATE ,BEGINTIME  DATE ,BEGINENGINENODE  NVARCHAR2(90),ENDTIME  DATE ,ENDENGINENODE  NVARCHAR2(90),READTIME  DATE ,OWNERDEPTID  NVARCHAR2(36),TARGETDEPTID  NVARCHAR2(36),TARGETCOMPANYID  NVARCHAR2(36),TARGETROLEID  NVARCHAR2(36),ISMONITOR  NUMBER(1),ISASYNC  NUMBER(1),EXCEPTIONERR  NVARCHAR2(255),IOBD  CHAR(36),IOR  CHAR(36),IOS  CHAR(36),IOC  CHAR(36),EXT1  NVARCHAR2(64),EXT2  NVARCHAR2(128),EXT3  NVARCHAR2(255),ISUNDO  NUMBER(1),COSTTTIME  NUMBER(12),EXPIRETIME  NUMBER(12),CONSTRAINT AWS_WFH_TASK_PK PRIMARY KEY (ID)) ;

CREATE TABLE WFH_TRANSITION(ID  CHAR(36) NOT NULL ,PROCESSINSTID  CHAR(36),TASKINSTID  CHAR(36),PROCESSDEFID  CHAR(36),SOURCEDEFID  CHAR(36),SOURCETYPE  NVARCHAR2(36),SEQUENCEFLOWDEFID  CHAR(36),TARGETDEFID  CHAR(36),TARGETTYPE  NVARCHAR2(36),ISACTIVE  NUMBER(1),CREATETIME  DATE ,ENDTIME  DATE ,CONSTRAINT AWS_WFH_TRANSITION_PK PRIMARY KEY (ID)) ;

CREATE TABLE SYSFLOWURGE(ID  NUMBER  NOT NULL ,BIND_ID  NUMBER ,STEP_NO  NUMBER ,STEP_TONO  NUMBER ,URGE_CONTENT  NVARCHAR2(2000),ARCHIVES  NVARCHAR2(2000),ISDISPLAY  NUMBER ,FLOW_ID  NUMBER ,CONSTRAINT AWSFLOWURGE_ID PRIMARY KEY (ID)) ;

CREATE TABLE ORGCOMPANY(ID  NVARCHAR2(36) NOT NULL ,COMPANYNO  NVARCHAR2(64),COMPANYNAME  NVARCHAR2(128) NOT NULL ,ORDERINDEX  NUMBER(6) NOT NULL ,WORKCANLENDAR  NVARCHAR2(36),COMPANYTYPE  NVARCHAR2(20),COMPANYDESC  NVARCHAR2(225),LOOKANDFEEL  NVARCHAR2(64),EXT1  NVARCHAR2(64),EXT2  NVARCHAR2(128),CONSTRAINT AWS_ORGCOMPANY_PK PRIMARY KEY (ID)) ;

CREATE TABLE ORGDEPARTMENT(ID  NVARCHAR2(36) NOT NULL ,PARENTDEPARTMENTID  NVARCHAR2(36),DEPARTMENTNAME  NVARCHAR2(128) NOT NULL ,ORDERINDEX  NUMBER(6),DEPARTMENTDESC  NVARCHAR2(225),DEPARTMENTNO  NVARCHAR2(64),LAYER  NUMBER(3),ADMINISTRATORS  NVARCHAR2(225),DEPARTMENTZONE  NVARCHAR2(64),COMPANYID  NVARCHAR2(36) NOT NULL ,OUTERID  NVARCHAR2(512),EXT1  NVARCHAR2(64),EXT2  NVARCHAR2(128),WORKCANLENDAR  NVARCHAR2(36),CONSTRAINT AWS_ORGDEPARTMENT_PK PRIMARY KEY (ID)) ;

CREATE TABLE ORGROLE(ID  NVARCHAR2(36) NOT NULL ,ROLENAME  NVARCHAR2(128) NOT NULL ,ORDERINDEX  NUMBER(6) NOT NULL ,CATEGORYNAME  NVARCHAR2(64) NOT NULL ,LOOKANDFEEL  NVARCHAR2(64),ROLENO  NVARCHAR2(36),CONSTRAINT AWS_ORGROLE_PK PRIMARY KEY (ID)) ;

CREATE TABLE ORGTEAM(ID  NVARCHAR2(36) NOT NULL ,TEAMNAME  NVARCHAR2(128) NOT NULL ,ORDERINDEX  NUMBER(6),TEAMTYPE  NUMBER(2),CLOSED  NUMBER(1),CREATEUSER  NVARCHAR2(36),CONSTRAINT AWS_ORGTEAM_PK PRIMARY KEY (ID)) ;

CREATE TABLE ORGTEAM_MEMBER(ID  NVARCHAR2(36) NOT NULL ,TEAMID  NVARCHAR2(36) NOT NULL ,USERID  NVARCHAR2(36) NOT NULL ,MEMBERTYPE  NUMBER(2),ORDERINDEX  NUMBER(6),CONSTRAINT AWS_ORGTEAM_MEMEBER_PK PRIMARY KEY (ID)) ;

CREATE TABLE ORGUSER(ID  NVARCHAR2(36) NOT NULL ,USERNO  NVARCHAR2(36),USERID  NVARCHAR2(36) NOT NULL ,USERNAME  NVARCHAR2(36),ORDERINDEX  NUMBER(6),PASSWORD  NVARCHAR2(64) NOT NULL ,CLOSED  NUMBER(1) NOT NULL ,DEPARTMENTID  NVARCHAR2(36),ROLEID  NVARCHAR2(36),ISMANAGER  NUMBER(1),WORKCANLENDAR  NVARCHAR2(40),POSITION_NO  NVARCHAR2(16),POSITION_NAME  NVARCHAR2(32),POSITION_LAYER  NVARCHAR2(32),OFFICETEL  NVARCHAR2(30),OFFICEFAX  NVARCHAR2(30),MOBILE  NVARCHAR2(30),EMAIL  NVARCHAR2(36),USERIP  NVARCHAR2(225),ISSINGLELOGIN  NUMBER(1),WORK_STATUS  NVARCHAR2(32),SESSIONTIME  NUMBER(3),OUTERID  NVARCHAR2(512),WECHAT  NVARCHAR2(64),WECHATEID  NVARCHAR2(64),EXT1  NVARCHAR2(64),EXT2  NVARCHAR2(64),EXT3  NVARCHAR2(64),EXT4  NVARCHAR2(128),EXT5  NVARCHAR2(128),CONSTRAINT AWS_ORGUSER_PK PRIMARY KEY (ID)) ;

CREATE TABLE ORGUSERMAP(ID  NVARCHAR2(36) NOT NULL ,USERID  NVARCHAR2(36) NOT NULL ,DEPARTMENTID  NVARCHAR2(36),ROLEID  NVARCHAR2(36),ISMANAGER  NUMBER(1),ISSHOW  NUMBER(1),CONSTRAINT AWS_ORGUSERMAP_PK PRIMARY KEY (ID)) ;

CREATE TABLE VORGDEPT(ID  NVARCHAR2(36) NOT NULL ,DEPARTMENTNAME  NVARCHAR2(128),UNITID  NVARCHAR2(36),PARENTDEPARTMENTID  NVARCHAR2(36),DEPARTMENTNO  NVARCHAR2(64),LAYER  NUMBER(3),ORDERINDEX  NUMBER(6),EXT1  NVARCHAR2(64),EXT2  NVARCHAR2(64),EXT3  NVARCHAR2(64),EXT4  NVARCHAR2(128),EXT5  NVARCHAR2(128),CONSTRAINT AWS_VORGDEPT_PK PRIMARY KEY (ID)) ;

CREATE TABLE VORGUSER(ID  NVARCHAR2(36) NOT NULL ,USERID  NVARCHAR2(36),DEPARTMENTID  NVARCHAR2(36),ROLEID  NVARCHAR2(36),ISMANAGER  NUMBER(1),ORDERINDEX  NUMBER(5),EXT1  NVARCHAR2(64),EXT2  NVARCHAR2(64),EXT3  NVARCHAR2(64),EXT4  NVARCHAR2(128),EXT5  NVARCHAR2(128),CONSTRAINT AWS_VORGUSER_PK PRIMARY KEY (ID)) ;

CREATE TABLE SYS_AC(ID  NVARCHAR2(36) NOT NULL ,RESOURCETYPE  NVARCHAR2(64),RESOURCEID  NVARCHAR2(36),ASSIGNMENTTYPE  NVARCHAR2(16),ASSIGNMENTID  NVARCHAR2(36),ACCESSMODE  NUMBER(2),CONSTRAINT AWS_SYS_AC_PK PRIMARY KEY (ID)) ;

CREATE TABLE SYS_PERMISSION(ID  NVARCHAR2(36) NOT NULL ,CATEGORYNAME  NVARCHAR2(64),PERMISSIONNAME  NVARCHAR2(128),PERMISSIONDESC  NVARCHAR2(225),ISSYSTEM  NUMBER(1),CONSTRAINT AWS_SYS_PERMISSION_PK PRIMARY KEY (ID)) ;

CREATE TABLE SYS_PERMISSIONLIST(ID  NVARCHAR2(36) NOT NULL ,PERMISSIONID  NVARCHAR2(36) NOT NULL ,RESOURCETYPE  NVARCHAR2(64) NOT NULL ,RESOURCEID  NVARCHAR2(128) NOT NULL ,ACCESSMODE  NUMBER(2) NOT NULL ,CONSTRAINT AWS_SYS_PERMISSIONLIST_PK PRIMARY KEY (ID)) ;

CREATE TABLE SYS_PERMISSIONASSN(ID  NVARCHAR2(36) NOT NULL ,ASSIGNMENTTYPE  NVARCHAR2(16) NOT NULL ,ASSIGNMENTID  NVARCHAR2(36) NOT NULL ,PERMISSIONID  NVARCHAR2(36) NOT NULL ,CONSTRAINT AWS_SYS_PERMISSIONASSN_PK PRIMARY KEY (ID)) ;

CREATE TABLE SYS_NAV_SYSTEM(ID  NVARCHAR2(36) NOT NULL ,SYSTEMNAME  NVARCHAR2(128) NOT NULL ,ORDERINDEX  NUMBER(3) NOT NULL ,LINKURL  NVARCHAR2(200) NOT NULL ,LINKTARGET  NVARCHAR2(36) NOT NULL ,ICON16  NVARCHAR2(220),ICON64  NVARCHAR2(220),ICON96  NVARCHAR2(220),NAVDESC  NVARCHAR2(220),APPID  NVARCHAR2(64),ISHIDDEN  NUMBER(1),ISACTIVITY  NUMBER(1),PORTALLAYOUT  NVARCHAR2(32),PORTALLOCKED  NVARCHAR2(128),NOTIFIER  NVARCHAR2(128),CONSTRAINT AWS_SYS_NAV_SYSTEM_PK PRIMARY KEY (ID)) ;

CREATE TABLE SYS_NAV_DIRECTORY(ID  NVARCHAR2(36) NOT NULL ,SYSTEMID  NVARCHAR2(36) NOT NULL ,DIRECTORYNAME  NVARCHAR2(128) NOT NULL ,ORDERINDEX  NUMBER(3) NOT NULL ,LINKURL  NVARCHAR2(200),LINKTARGET  NVARCHAR2(36),ICON16  NVARCHAR2(220),ICON64  NVARCHAR2(220),ICON96  NVARCHAR2(220),NAVDESC  NVARCHAR2(220),APPID  NVARCHAR2(64),ISACTIVITY  NUMBER(1),NOTIFIER  NVARCHAR2(128),EXT1  NVARCHAR2(200),EXT2  NVARCHAR2(200),CONSTRAINT AWS_SYS_NAV_DIRECTORY_PK PRIMARY KEY (ID)) ;

CREATE TABLE SYS_NAV_FUNCTION(ID  NVARCHAR2(36) NOT NULL ,DIRECTORYID  NVARCHAR2(36) NOT NULL ,FUNCTIONNAME  NVARCHAR2(200) NOT NULL ,LINKURL  NVARCHAR2(200) NOT NULL ,LINKTARGET  NVARCHAR2(20) NOT NULL ,ICON16  NVARCHAR2(220),ICON64  NVARCHAR2(220),ICON96  NVARCHAR2(220),NAVDESC  NVARCHAR2(220),APPID  NVARCHAR2(64),ORDERINDEX  NUMBER(3) NOT NULL ,ISACTIVITY  NUMBER(1),NOTIFIER  NVARCHAR2(128),EXT1  NVARCHAR2(200),EXT2  NVARCHAR2(200),CONSTRAINT AWS_SYS_NAV_FUNCTION_PK PRIMARY KEY (ID)) ;

CREATE TABLE SYS_PORTLET(ID  NVARCHAR2(36) NOT NULL ,CATEGORYNAME  NVARCHAR2(64),PORTLETTITLE  NVARCHAR2(64),PORTLETHEIGHT  NVARCHAR2(6),LINKURL  NVARCHAR2(200),ICON16  NVARCHAR2(220),ICON64  NVARCHAR2(220),ICON96  NVARCHAR2(220),APPID  NVARCHAR2(64),ISACTIVITY  NUMBER(1),NOTIFIER  NVARCHAR2(128),PORTLETCFG  NVARCHAR2(128),CONSTRAINT AWS_SYS_PORTLET_PK PRIMARY KEY (ID)) ;

CREATE TABLE SYS_USERPORTAL(ID  NVARCHAR2(36) NOT NULL ,USERID  NVARCHAR2(36),PORTALID  NVARCHAR2(36),PORTLETID  NVARCHAR2(36),PORTLETTITLE  NVARCHAR2(64),PORTLETHEIGHT  NVARCHAR2(6),LINKURL  NVARCHAR2(200),ORDERINDEX  NUMBER(2),POOLNAME  NVARCHAR2(12),PROFILEDATA  NVARCHAR2(2000),CONSTRAINT AWS_USERPORTAL_PK PRIMARY KEY (ID)) ;

CREATE TABLE SYS_USERPROFILE(USERID  NVARCHAR2(36) NOT NULL ,PROFILEKEY  NVARCHAR2(220) NOT NULL ,PROFILEVALUE  NVARCHAR2(2000),CONSTRAINT AWS_SYS_USER_PROFILE_PK PRIMARY KEY (PROFILEKEY,USERID)) ;

CREATE TABLE SYS_FUNCTION_ACCESS(ID  CHAR(36) NOT NULL ,CATEGORYTYPE  NUMBER(2),ACCESSUSER  NVARCHAR2(36),ACCESSTIME  DATE ,RESOURCETYPE  NUMBER(2),RESOURCEID  NVARCHAR2(36),EXT1  NVARCHAR2(64),EXT2  NVARCHAR2(128),CONSTRAINT AWS_SYS_FUNCTION_ACCESS_PK PRIMARY KEY (ID)) ;

CREATE TABLE SYS_SEQUENCE(SEQUENCENAME  NVARCHAR2(100) NOT NULL ,SEQUENCEVALUE  NUMBER(16),CACHESTEP  NUMBER(10),CONSTRAINT AWS_SYS_SEQUENCE_PK PRIMARY KEY (SEQUENCENAME)) ;

CREATE TABLE SYS_SCHEDULE_LOG(ID  NUMBER  NOT NULL ,SCHEDULE_ID  NVARCHAR2(36),EXECUTE_TIME  DATE ,END_TIME  DATE ,STATUS  NVARCHAR2(20),LOG_MEMO  NVARCHAR2(2000),EXECUTE_TYPE  NVARCHAR2(1),LOG_TYPE  NVARCHAR2(5),LOG_TIME  DATE ,JOB_GROUP  NVARCHAR2(32),CONSTRAINT AWS_C008046 PRIMARY KEY (ID)) ;

CREATE TABLE SYS_SESSION(SESSIONID  CHAR(36) NOT NULL ,ISSDK  NUMBER(1),USERID  NVARCHAR2(36) NOT NULL ,IP  NVARCHAR2(128),STARTTIME  NUMBER(16) NOT NULL ,REFRESHTIME  NUMBER(16),CLOSETIME  NUMBER(16),DEVICETYPE  NVARCHAR2(16),DEVICELANG  NVARCHAR2(16),SESSIONSCOPE  CHAR(1),INSTNAME  NVARCHAR2(90),CLOSED  NUMBER(1),CONSTRAINT AWS_SYS_SESSION_PK PRIMARY KEY (SESSIONID)) ;

CREATE TABLE SYS_CC_WS(ID  NUMBER  NOT NULL ,NAME  NVARCHAR2(256),XMT  NVARCHAR2(256),STATE  NUMBER ,PUBLISHDATE  DATE  NOT NULL ,PUBLISHER  NVARCHAR2(128),DESCRIPTION  NVARCHAR2(256),WEBSERVER  NVARCHAR2(512),ADDRESS  NVARCHAR2(256),CONSTRAINT AWS_C007963 PRIMARY KEY (ID)) ;

CREATE TABLE WS_PROFILE(ID  NUMBER  NOT NULL ,UUID  NVARCHAR2(256),PROFILETYPE  NVARCHAR2(24) NOT NULL ,PROFILESOURCE  NVARCHAR2(2000),PROFILENAME  NVARCHAR2(256),PROFILECONTENT  NVARCHAR2(2000),BEGINDATE  DATE ,ENDDATE  DATE ,CONSTRAINT AWS_C008240 PRIMARY KEY (ID)) ;

CREATE TABLE WFC_FORMFILES(ID  CHAR(36) NOT NULL ,APPID  NVARCHAR2(64),PROCESSINSTID  CHAR(36),TASKINSTID  CHAR(36),BOID  CHAR(36),BONAME  NVARCHAR2(64),BOFIELDNAME  NVARCHAR2(36),CREATEDATE  DATE ,CREATEUSER  NVARCHAR2(36),FILENAME  NVARCHAR2(225),FILESIZE  NUMBER(12),REMARK  NVARCHAR2(225),EXT1  NVARCHAR2(128),CONSTRAINT AWS_WFC_FILES_PK PRIMARY KEY (ID)) ;

CREATE TABLE MDM_DEVICE(ID  CHAR(40) NOT NULL ,DEVICEMODEL  NVARCHAR2(32),DEVICEBRAND  NVARCHAR2(32),OSTYPE  NUMBER(1),OSNAME  NVARCHAR2(16),DEVICETYPE  NUMBER(1),DEVICESTATUS  NUMBER(1),SECURITYSTATUS  NUMBER(1),ROOTED  NUMBER(1),PHONENUMBER  NVARCHAR2(16),REGISTERTIME  DATE ,REGISTERUSERID  NVARCHAR2(36),ASSETTYPE  NUMBER(1),USERID  NVARCHAR2(36),LASTLOGINTIME  DATE ,UNREGISTERED  NUMBER(1),CONSTRAINT AWS_MDM_DEVICE_PK PRIMARY KEY (ID)) ;

CREATE TABLE MDM_WARNING(ID  CHAR(36) NOT NULL ,DEVICEID  CHAR(40),WARNTIME  DATE ,WARNTYPE  NUMBER(2),WARNMSG  NVARCHAR2(225),HANDLED  NUMBER(1),CONSTRAINT AWS_MDM_WARNING_PK PRIMARY KEY (ID)) ;

CREATE TABLE VORGUNIT(ID  NVARCHAR2(36) NOT NULL ,RDEPTID  NVARCHAR2(36),UNITNAME  NVARCHAR2(128),ADMINISTRATORS  NVARCHAR2(225),UNITGROUP  NVARCHAR2(32),UNITDESC  NVARCHAR2(225),STATUS  NUMBER(1),EXT1  NVARCHAR2(64),EXT2  NVARCHAR2(64),EXT3  NVARCHAR2(64),EXT4  NVARCHAR2(128),EXT5  NVARCHAR2(128),CONSTRAINT AWS_VORGUNIT_PK PRIMARY KEY (ID)) ;

CREATE TABLE MAM_INSTALL(ID  CHAR(36) NOT NULL ,APPID  NVARCHAR2(64),DEVICEID  CHAR(40),INSTALLTIME  DATE ,INSTALLVERSION  NVARCHAR2(16),CURRENTVERSION  NVARCHAR2(16),UNINSTALLED  NUMBER(1),CONSTRAINT AWS_MAM_INSTALL_PK PRIMARY KEY (ID)) ;

CREATE TABLE MDM_HANDLELOG(ID  CHAR(36) NOT NULL ,DEVICEID  CHAR(40),USERID  NVARCHAR2(36),HANDLETIME  DATE ,HANDLETYPE  NUMBER(2),COMMANDID  CHAR(36),CONSTRAINT AWS_MDM_HANDLELOG_PK PRIMARY KEY (ID)) ;

CREATE TABLE MDM_IOS_AUTHENTICATE(ID  CHAR(40) NOT NULL ,DEVICEID  CHAR(40),TOPIC  NVARCHAR2(100),AUTHTIME  DATE ,PUSHMAGIC  NVARCHAR2(100),TOKEN  NVARCHAR2(100),UNLOCKTOKEN  BLOB ,CONSTRAINT AWS_MDM_IOS_AUTHENTICATE_PK PRIMARY KEY (ID)) ;

CREATE TABLE MDM_IOS_COMMAND(ID  CHAR(36) NOT NULL ,COMMAND  NVARCHAR2(72),DEVICEUDID  CHAR(40),STATUS  NUMBER(2),UPDATETIME  DATE ,EXT1  NVARCHAR2(64),EXT2  NVARCHAR2(16),CONSTRAINT AWS_MDM_IOS_COMMAND_PK PRIMARY KEY (ID)) ;

CREATE TABLE MAM_RECOMMEND_APP(ID  CHAR(36) NOT NULL ,APPID  NVARCHAR2(64),OSTYPE  NUMBER(1),DEVICETYPE  NUMBER(1),ORDERINDEX  NUMBER(2),CONSTRAINT AWS_MAM_RECOMMEND_APP_PK PRIMARY KEY (ID)) ;

CREATE TABLE MAM_UPDATE(ID  CHAR(36) NOT NULL ,APPID  NVARCHAR2(64),DEVICEID  CHAR(40),UPDATETIME  DATE ,UPDATEVERSION  NVARCHAR2(16),CONSTRAINT AWS_MAM_UPDATE_PK PRIMARY KEY (ID)) ;

CREATE TABLE MAM_APPUSE(ID  CHAR(36) NOT NULL ,APPID  NVARCHAR2(64),DEVICEID  CHAR(40),USETIME  DATE ,APPVERSION  NVARCHAR2(16),CONSTRAINT AWS_MAM_APPUSE_PK PRIMARY KEY (ID)) ;

CREATE TABLE SYS_DELEGATION(ID  CHAR(36) NOT NULL ,APPLICANTUSER  NVARCHAR2(36),DELEGATEUSER  NVARCHAR2(255),SCOPETYPE  CHAR(1),DELEGATEREASON  NVARCHAR2(255),BEGINTIME  DATE ,ENDTIME  DATE ,CREATETIME  DATE ,PROCESSINSTID  CHAR(36),CONSTRAINT AWS_SYS_DELEGATION_PK PRIMARY KEY (ID)) ;

CREATE TABLE SYS_DELEGATIONSCOPE(ID  CHAR(36) NOT NULL ,PID  CHAR(36),RESOURCETYPE  CHAR(1),RESOURCEID  NVARCHAR2(36),CONSTRAINT AWS_SYS_DELEGATIONSCOP_PK PRIMARY KEY (ID)) ;

CREATE TABLE WFC_COMMENTTEMP(ID  CHAR(36) NOT NULL ,PROCESSINSTID  CHAR(36),TASKINSTID  CHAR(36),ACTIONNAME  NVARCHAR2(128),MSG  NVARCHAR2(2000),FILES  NVARCHAR2(2000),CONSTRAINT AWS_WFC_COMMENTTEMP_PK PRIMARY KEY (ID)) ;

CREATE TABLE WFC_COMMENT(ID  CHAR(36) NOT NULL ,PROCESSINSTID  CHAR(36),TASKINSTID  CHAR(36),CREATEDATE  DATE ,CREATEUSER  NVARCHAR2(36),DEPTNAME  NVARCHAR2(128),POSITIONNAME  NVARCHAR2(64),ACTIONNAME  NVARCHAR2(128),ACTIVITYNAME  NVARCHAR2(128),MSG  NVARCHAR2(2000),FILES  NVARCHAR2(2000),CONSTRAINT AWS_WFC_COMMENT_PK PRIMARY KEY (ID)) ;

CREATE TABLE WFC_VAR(ID  CHAR(36) NOT NULL ,PROCESSINSTID  CHAR(36),VARSCOPE  NVARCHAR2(128),VARNAME  NVARCHAR2(128),VALUETYPE  NVARCHAR2(255),TEXTVALUE  NVARCHAR2(2000),LONGVALUE  NUMBER(19),DOUBLEVALUE  NUMBER(38,10),CREATETIME  DATE ,UPDATETIME  DATE ,CONSTRAINT AWS_WFC_VAR_PK PRIMARY KEY (ID)) ;

CREATE TABLE WFC_URLTOKEN(TOKENID  NVARCHAR2(72) NOT NULL ,PROCESSINSTID  CHAR(36),TASKINSTID  CHAR(36),AWSUID  NVARCHAR2(36),TOKENSTATE  NUMBER(1),ACCESSTIME  DATE ,MEMO  NVARCHAR2(255),CONSTRAINT AWS_WFC_URLTOKEN_PK PRIMARY KEY (TOKENID)) ;

CREATE TABLE WFC_TASKMID(ID  CHAR(36) NOT NULL ,PROCESSINSTID  CHAR(36),TASKINSTID  CHAR(36),PROCESSDEFID  CHAR(36),PROCESSDEFVERID  CHAR(36),ACTIVITYDEFID  CHAR(36),OWNER  NVARCHAR2(36),OWNERDEPTID  NVARCHAR2(36),TARGET  NVARCHAR2(36),TARGETDEPTID  NVARCHAR2(36),TARGETCOMPANYID  NVARCHAR2(36),TARGETROLEID  NVARCHAR2(36),DISPATCHSTATE  NUMBER(2),PRIORITY  NUMBER(1),DUETIME  DATE ,ORDERINDEX  NUMBER(4),CONSTRAINT AWS_WFC_TASKMID_PK PRIMARY KEY (ID)) ;

CREATE TABLE WFH_FORMSNAPSHOT(ID  CHAR(36) NOT NULL ,PROCESSINSTID  CHAR(36),TASKINSTID  CHAR(36),PROCESSDEFID  CHAR(36),ACTIVITYDEFID  CHAR(36),AUTHORUID  NVARCHAR2(36),AUTHORNAME  NVARCHAR2(36),RECORDTIME  DATE ,FORMID  CHAR(36),VNAME  NVARCHAR2(128),CONSTRAINT AWS_WFH_FORMSNAPSHOT_PK PRIMARY KEY (ID)) ;

CREATE TABLE WFH_VAR(ID  CHAR(36) NOT NULL ,PROCESSINSTID  CHAR(36),VARSCOPE  NVARCHAR2(128),VARNAME  NVARCHAR2(128),VALUETYPE  NVARCHAR2(255),TEXTVALUE  NVARCHAR2(2000),LONGVALUE  NUMBER(19),DOUBLEVALUE  NUMBER(38,10),CREATETIME  DATE ,UPDATETIME  DATE ,CONSTRAINT AWS_WFH_VAR_PK PRIMARY KEY (ID)) ;

CREATE TABLE WFH_COMMENT(ID  CHAR(36) NOT NULL ,PROCESSINSTID  CHAR(36),TASKINSTID  CHAR(36),CREATEDATE  DATE ,CREATEUSER  NVARCHAR2(36),DEPTNAME  NVARCHAR2(128),POSITIONNAME  NVARCHAR2(64),ACTIONNAME  NVARCHAR2(128),ACTIVITYNAME  NVARCHAR2(128),MSG  NVARCHAR2(2000),CONSTRAINT AWS_WFH_COMMENT_PK PRIMARY KEY (ID)) ;

CREATE TABLE WFH_URLTOKEN(TOKENID  NVARCHAR2(72) NOT NULL ,PROCESSINSTID  CHAR(36),TASKINSTID  CHAR(36),AWSUID  NVARCHAR2(36),TOKENSTATE  NUMBER(1),MEMO  NVARCHAR2(2000),CONSTRAINT AWS_WFH_URLTOKEN_PK PRIMARY KEY (TOKENID)) ;

CREATE TABLE WFC_PROCESS(ID  CHAR(36) NOT NULL ,BUSINESSKEY  NVARCHAR2(255),PROCESSDEFID  CHAR(36),PROCESSDEFVERID  CHAR(36),CONTROLSTATE  NVARCHAR2(32),PROCESSGROUPID  CHAR(36),PROCESSTITLE  NVARCHAR2(255),STARTACTIVITYID  CHAR(36),STARTTASKINSTID  CHAR(36),STARTTIME  DATE ,PROCESSPROFILEID  CHAR(36),PROCESSINSTTYPE  NUMBER(1),PARENTPROCESSINSTID  CHAR(36),PARENTTASKINSTID  CHAR(36),SECURITYLAYER  NUMBER(1),CREATEUSER  NVARCHAR2(36),CREATETIME  DATE ,CREATEUSERORGID  NVARCHAR2(36),CREATEUSERDEPTID  NVARCHAR2(36),CREATEUSERROLEID  NVARCHAR2(36),CREATEUSERLOCATION  NVARCHAR2(255),ENDACTIVITYID  CHAR(36),ENDTIME  DATE ,ISPROCESS  NUMBER(1),ISSTART  NUMBER(1),ISEND  NUMBER(1),ISASYNC  NUMBER(1),ISEXCEPTION  NUMBER(1),ISOVERTIME  NUMBER(1),ISEXISTSUBPROC  NUMBER(1),COSTTTIME  NUMBER(12),EXPIRETIME  NUMBER(12),REMARK  NVARCHAR2(255),IOBD  CHAR(36),IOR  CHAR(36),IOS  CHAR(36),IOC  CHAR(36),EXT1  NVARCHAR2(64),EXT2  NVARCHAR2(128),EXT3  NVARCHAR2(255),CONSTRAINT AWS_WFC_PROCESS_PK PRIMARY KEY (ID)) ;

CREATE TABLE WFC_TASK(ID  CHAR(36) NOT NULL ,PARENTTASKINSTID  CHAR(36),SCOPEID  CHAR(36),ACTIVITYTYPE  NVARCHAR2(36),ACTIVITYDEFID  CHAR(36),PROCESSINSTID  CHAR(36),PROCESSDEFID  CHAR(36),PROCESSDEFVERID  CHAR(36),PROCESSGROUPID  CHAR(36),DISPATCHID  CHAR(36),TASKTITLE  NVARCHAR2(255),TASKSTATE  NUMBER(2),CONTROLSTATE  NVARCHAR2(16),PRIORITY  NUMBER(1),OWNER  NVARCHAR2(36),TARGET  NVARCHAR2(36),CLAIMTYPE  NUMBER(1),CLAIMRESOURCEID  NVARCHAR2(36),DUETIME  DATE ,BEGINTIME  DATE ,BEGINENGINENODE  NVARCHAR2(90),READTIME  DATE ,OWNERDEPTID  NVARCHAR2(36),TARGETDEPTID  NVARCHAR2(36),TARGETCOMPANYID  NVARCHAR2(36),TARGETROLEID  NVARCHAR2(36),ISMONITOR  NUMBER(1),ISASYNC  NUMBER(1),EXCEPTIONERR  NVARCHAR2(255),IOBD  CHAR(36),IOR  CHAR(36),IOS  CHAR(36),IOC  CHAR(36),EXT1  NVARCHAR2(64),EXT2  NVARCHAR2(128),EXT3  NVARCHAR2(255),CONSTRAINT AWS_WFC_TASK_PK PRIMARY KEY (ID)) ;

CREATE TABLE WFC_TRANSITION(ID  CHAR(36) NOT NULL ,PROCESSINSTID  CHAR(36),TASKINSTID  CHAR(36),PROCESSDEFID  CHAR(36),SOURCEDEFID  CHAR(36),SOURCETYPE  NVARCHAR2(36),SEQUENCEFLOWDEFID  CHAR(36),TARGETDEFID  CHAR(36),TARGETTYPE  NVARCHAR2(36),ISACTIVE  NUMBER(1),CREATETIME  DATE ,CONSTRAINT AWS_WFC_TRANSITION_PK PRIMARY KEY (ID)) ;

CREATE TABLE SYS_AUDIT_LOG(ID  CHAR(36) NOT NULL ,LOG_CHANNEL  NVARCHAR2(32),LOG_CATALOG  NVARCHAR2(64),LOG_OBJECT  NVARCHAR2(120),OP  NVARCHAR2(64),OP_TIME  DATE ,OP_IP  NVARCHAR2(225),OP_INFO  NVARCHAR2(512),OP_LEVEL  NUMBER(1),AUDIT_ROLE  NUMBER(1),OP_USER  NVARCHAR2(64),EXT1  NVARCHAR2(64),CONSTRAINT AWS_AUDIT_LOG_PK PRIMARY KEY (ID)) ;

CREATE TABLE SYS_IOX(ID  CHAR(36) NOT NULL ,ADVANCETYPE  NVARCHAR2(8),ORDERINDEX  NUMBER(3),CONSTRAINT AWS_SYS_IOX_PK PRIMARY KEY (ID)) ;

CREATE TABLE SYS_SLA_DIM_M(ID  CHAR(36) NOT NULL ,INSTNAME  NVARCHAR2(90) NOT NULL ,METRICID  NVARCHAR2(50) NOT NULL ,VAVG  NUMBER(17,4),VMAX  NUMBER(17,4),VMIN  NUMBER(17,4),VCOUNT  NUMBER(10),VTIME  CHAR(12) NOT NULL ,ISPROCESSING  NUMBER(1),CONSTRAINT AWS_SYS_SLA_DIM_M_PK PRIMARY KEY (ID)) ;

CREATE TABLE SYS_SLA_DIM_H(ID  CHAR(36) NOT NULL ,INSTNAME  NVARCHAR2(90) NOT NULL ,METRICID  NVARCHAR2(50) NOT NULL ,VAVG  NUMBER(17,4),VMAX  NUMBER(17,4),VMIN  NUMBER(17,4),VCOUNT  NUMBER(10),VTIME  CHAR(10) NOT NULL ,ISPROCESSING  NUMBER(1),CONSTRAINT AWS_SYS_SLA_DIM_H_PK PRIMARY KEY (ID)) ;

CREATE TABLE SYS_SLA_DIM_D(ID  CHAR(36) NOT NULL ,INSTNAME  NVARCHAR2(90) NOT NULL ,METRICID  NVARCHAR2(50) NOT NULL ,VAVG  NUMBER(17,4),VMAX  NUMBER(17,4),VMIN  NUMBER(17,4),VCOUNT  NUMBER(10),VTIME  CHAR(8) NOT NULL ,ISPROCESSING  NUMBER(1),CONSTRAINT AWS_SYS_SLA_DIM_D_PK PRIMARY KEY (ID)) ;

CREATE TABLE SYS_SLA_ALARM(ID  CHAR(36) NOT NULL ,INSTNAME  NVARCHAR2(90) NOT NULL ,ALARMNAME  NVARCHAR2(50),EVENTTIME  DATE ,ALARMLEVEL  NUMBER(1),METRICID  NVARCHAR2(50),TAKEVALUE  NUMBER(17,4),TAKEDETAIL  NVARCHAR2(2000),APPID  NVARCHAR2(64),RESOURCEID  NVARCHAR2(64),ISREAD  NUMBER(1),CONSTRAINT AWS_SYS_SLA_ALARM_PK PRIMARY KEY (ID)) ;

CREATE TABLE SYS_PATCH(ID  CHAR(36),DOWNLOADID  CHAR(36),VERSIONID  NVARCHAR2(36),OPSTATE  NVARCHAR2(20),OPDATE  DATE ,MD5DIGEST  CHAR(32),ISDEGRADE  NUMBER(1),RELEASETYPE  NUMBER(1)) ;

CREATE TABLE MDM_POLICY_INSTALL(ID  CHAR(36) NOT NULL ,POLICYID  CHAR(36) NOT NULL ,DEVICEID  CHAR(40) NOT NULL ,INSTALLVERSION  NUMBER ,INSTALLTIME  DATE ,CONSTRAINT AWS_MDM_POLICY_INSTALL_PK PRIMARY KEY (ID)) ;

CREATE TABLE MDM_POLICY(ID  CHAR(36) NOT NULL ,NAME  NVARCHAR2(36),DESCRIPTION  NVARCHAR2(200),FILE_NAME  NVARCHAR2(36),STATUS  NUMBER(2),ALLOW_ROOT  NUMBER(1),POLICYVERSION  NUMBER ,CREATETIME  DATE ,UPDATETIME  DATE ,CONSTRAINT AWS_MDM_POLICY_PK PRIMARY KEY (ID)) ;

CREATE TABLE SYS_PATCH_BOOTSTRAP(ID  CHAR(36) NOT NULL ,CLASSNAME  NVARCHAR2(250),PATCHNAME  NVARCHAR2(128),PATCHDESC  NVARCHAR2(250),PATCHDATE  NVARCHAR2(32),BEGINTIME  DATE ,ENDTIME  DATE ,PATCHSTATE  NUMBER(1),ERRLOG  NVARCHAR2(2000),INSTNAME  NVARCHAR2(90),CONSTRAINT AWS_SYS_PATCH_BOOTSTRAP_PK PRIMARY KEY (ID)) ;

CREATE TABLE SYS_DW_USER_PROFILE(ID  CHAR(36),VIEWID  CHAR(36),USERID  NVARCHAR2(36),PROFILE_TYPE  NUMBER(1),PROFILE_VAL  NVARCHAR2(36),WIDTH  NVARCHAR2(10),ISDISPLAY  NUMBER(1),ORDERINDEX  NUMBER(4),PAGE  NUMBER(3)) ;
CREATE TABLE QRTZ_JOB_DETAILS ( SCHED_NAME VARCHAR2(120) NOT NULL, JOB_NAME  VARCHAR2(200) NOT NULL, JOB_GROUP VARCHAR2(200) NOT NULL, DESCRIPTION VARCHAR2(250) NULL, JOB_CLASS_NAME   VARCHAR2(250) NOT NULL,  IS_DURABLE VARCHAR2(1) NOT NULL, IS_NONCONCURRENT VARCHAR2(1) NOT NULL, IS_UPDATE_DATA VARCHAR2(1) NOT NULL, REQUESTS_RECOVERY VARCHAR2(1) NOT NULL, JOB_DATA BLOB NULL, CONSTRAINT QRTZ_JOB_DETAILS_PK PRIMARY KEY (SCHED_NAME,JOB_NAME,JOB_GROUP) );

CREATE TABLE QRTZ_TRIGGERS ( SCHED_NAME VARCHAR2(120) NOT NULL, TRIGGER_NAME VARCHAR2(200) NOT NULL, TRIGGER_GROUP VARCHAR2(200) NOT NULL, JOB_NAME  VARCHAR2(200) NOT NULL,  JOB_GROUP VARCHAR2(200) NOT NULL, DESCRIPTION VARCHAR2(250) NULL, NEXT_FIRE_TIME NUMBER(13) NULL, PREV_FIRE_TIME NUMBER(13) NULL, PRIORITY NUMBER(13) NULL, TRIGGER_STATE VARCHAR2(16) NOT NULL, TRIGGER_TYPE VARCHAR2(8) NOT NULL, START_TIME NUMBER(13) NOT NULL, END_TIME NUMBER(13) NULL, CALENDAR_NAME VARCHAR2(200) NULL, MISFIRE_INSTR NUMBER(2) NULL, JOB_DATA BLOB NULL, CONSTRAINT QRTZ_TRIGGERS_PK PRIMARY KEY (SCHED_NAME,TRIGGER_NAME,TRIGGER_GROUP), CONSTRAINT QRTZ_TRIGGER_TO_JOBS_FK FOREIGN KEY (SCHED_NAME,JOB_NAME,JOB_GROUP)  REFERENCES QRTZ_JOB_DETAILS(SCHED_NAME,JOB_NAME,JOB_GROUP)  );

CREATE TABLE QRTZ_SIMPLE_TRIGGERS ( SCHED_NAME VARCHAR2(120) NOT NULL, TRIGGER_NAME VARCHAR2(200) NOT NULL, TRIGGER_GROUP VARCHAR2(200) NOT NULL, REPEAT_COUNT NUMBER(7) NOT NULL, REPEAT_INTERVAL NUMBER(12) NOT NULL, TIMES_TRIGGERED NUMBER(10) NOT NULL, CONSTRAINT QRTZ_SIMPLE_TRIG_PK PRIMARY KEY (SCHED_NAME,TRIGGER_NAME,TRIGGER_GROUP), CONSTRAINT QRTZ_SIMPLE_TRIG_TO_TRIG_FK FOREIGN KEY (SCHED_NAME,TRIGGER_NAME,TRIGGER_GROUP)  REFERENCES QRTZ_TRIGGERS(SCHED_NAME,TRIGGER_NAME,TRIGGER_GROUP) );

CREATE TABLE QRTZ_CRON_TRIGGERS ( SCHED_NAME VARCHAR2(120) NOT NULL, TRIGGER_NAME VARCHAR2(200) NOT NULL, TRIGGER_GROUP VARCHAR2(200) NOT NULL, CRON_EXPRESSION VARCHAR2(120) NOT NULL, TIME_ZONE_ID VARCHAR2(80), CONSTRAINT QRTZ_CRON_TRIG_PK PRIMARY KEY (SCHED_NAME,TRIGGER_NAME,TRIGGER_GROUP), CONSTRAINT QRTZ_CRON_TRIG_TO_TRIG_FK FOREIGN KEY (SCHED_NAME,TRIGGER_NAME,TRIGGER_GROUP)  REFERENCES QRTZ_TRIGGERS(SCHED_NAME,TRIGGER_NAME,TRIGGER_GROUP) );

CREATE TABLE QRTZ_SIMPROP_TRIGGERS (           SCHED_NAME VARCHAR2(120) NOT NULL, TRIGGER_NAME VARCHAR2(200) NOT NULL, TRIGGER_GROUP VARCHAR2(200) NOT NULL, STR_PROP_1 VARCHAR2(512) NULL, STR_PROP_2 VARCHAR2(512) NULL, STR_PROP_3 VARCHAR2(512) NULL, INT_PROP_1 NUMBER(10) NULL, INT_PROP_2 NUMBER(10) NULL, LONG_PROP_1 NUMBER(13) NULL, LONG_PROP_2 NUMBER(13) NULL, DEC_PROP_1 NUMERIC(13,4) NULL, DEC_PROP_2 NUMERIC(13,4) NULL, BOOL_PROP_1 VARCHAR2(1) NULL, BOOL_PROP_2 VARCHAR2(1) NULL, CONSTRAINT QRTZ_SIMPROP_TRIG_PK PRIMARY KEY (SCHED_NAME,TRIGGER_NAME,TRIGGER_GROUP), CONSTRAINT QRTZ_SIMPROP_TRIG_TO_TRIG_FK FOREIGN KEY (SCHED_NAME,TRIGGER_NAME,TRIGGER_GROUP)  REFERENCES QRTZ_TRIGGERS(SCHED_NAME,TRIGGER_NAME,TRIGGER_GROUP) );

CREATE TABLE QRTZ_BLOB_TRIGGERS ( SCHED_NAME VARCHAR2(120) NOT NULL, TRIGGER_NAME VARCHAR2(200) NOT NULL, TRIGGER_GROUP VARCHAR2(200) NOT NULL, BLOB_DATA BLOB NULL, CONSTRAINT QRTZ_BLOB_TRIG_PK PRIMARY KEY (SCHED_NAME,TRIGGER_NAME,TRIGGER_GROUP), CONSTRAINT QRTZ_BLOB_TRIG_TO_TRIG_FK FOREIGN KEY (SCHED_NAME,TRIGGER_NAME,TRIGGER_GROUP)  REFERENCES QRTZ_TRIGGERS(SCHED_NAME,TRIGGER_NAME,TRIGGER_GROUP) );

CREATE TABLE QRTZ_CALENDARS ( SCHED_NAME VARCHAR2(120) NOT NULL, CALENDAR_NAME  VARCHAR2(200) NOT NULL,  CALENDAR BLOB NOT NULL, CONSTRAINT QRTZ_CALENDARS_PK PRIMARY KEY (SCHED_NAME,CALENDAR_NAME) );

CREATE TABLE QRTZ_PAUSED_TRIGGER_GRPS ( SCHED_NAME VARCHAR2(120) NOT NULL, TRIGGER_GROUP  VARCHAR2(200) NOT NULL,  CONSTRAINT QRTZ_PAUSED_TRIG_GRPS_PK PRIMARY KEY (SCHED_NAME,TRIGGER_GROUP) );

CREATE TABLE QRTZ_FIRED_TRIGGERS  (  SCHED_NAME VARCHAR2(120) NOT NULL, ENTRY_ID VARCHAR2(95) NOT NULL, TRIGGER_NAME VARCHAR2(200) NOT NULL, TRIGGER_GROUP VARCHAR2(200) NOT NULL, INSTANCE_NAME VARCHAR2(200) NOT NULL, FIRED_TIME NUMBER(13) NOT NULL, SCHED_TIME NUMBER(13) NOT NULL, PRIORITY NUMBER(13) NOT NULL, STATE VARCHAR2(16) NOT NULL, JOB_NAME VARCHAR2(200) NULL, JOB_GROUP VARCHAR2(200) NULL, IS_NONCONCURRENT VARCHAR2(1) NULL, REQUESTS_RECOVERY VARCHAR2(1) NULL, CONSTRAINT QRTZ_FIRED_TRIGGER_PK PRIMARY KEY (SCHED_NAME,ENTRY_ID) );

CREATE TABLE QRTZ_SCHEDULER_STATE  ( SCHED_NAME VARCHAR2(120) NOT NULL, INSTANCE_NAME VARCHAR2(200) NOT NULL, LAST_CHECKIN_TIME NUMBER(13) NOT NULL, CHECKIN_INTERVAL NUMBER(13) NOT NULL, CONSTRAINT QRTZ_SCHEDULER_STATE_PK PRIMARY KEY (SCHED_NAME,INSTANCE_NAME) );

CREATE TABLE QRTZ_LOCKS ( SCHED_NAME VARCHAR2(120) NOT NULL, LOCK_NAME  VARCHAR2(40) NOT NULL,  CONSTRAINT QRTZ_LOCKS_PK PRIMARY KEY (SCHED_NAME,LOCK_NAME) );


CREATE INDEX AWS_WFH_TASK_IND1 ON  WFH_TASK (PROCESSINSTID); 

CREATE INDEX AWS_WFH_TASK_IND2 ON  WFH_TASK (PROCESSGROUPID); 

CREATE INDEX AWS_WFH_TASK_IND3 ON  WFH_TASK (ACTIVITYDEFID); 

CREATE INDEX AWS_WFH_TASK_IND4 ON  WFH_TASK (OWNER); 

CREATE INDEX AWS_WFH_TASK_IND5 ON  WFH_TASK (TARGET); 

CREATE INDEX AWS_WFH_TASK_IND9 ON  WFH_TASK (DELEGATEUSER); 

ALTER TABLE ORGTEAM ADD CONSTRAINT  AWS_ORGTEAM_UN1 UNIQUE (TEAMNAME); 

ALTER TABLE ORGUSER ADD CONSTRAINT  AWS_ORGUSER_UN1 UNIQUE (USERID); 

CREATE INDEX AWS_SYS_SESSION_IND1 ON  SYS_SESSION (CLOSED); 

CREATE INDEX AWS_SYS_SESSION_IND2 ON  SYS_SESSION (USERID); 

CREATE INDEX AWS_WFC_COMMENTTEMP_IND1 ON  WFC_COMMENTTEMP (TASKINSTID); 

CREATE INDEX AWS_WFC_COMMENT_IND1 ON  WFC_COMMENT (PROCESSINSTID); 

CREATE INDEX AWS_WFC_COMMENT_IND2 ON  WFC_COMMENT (TASKINSTID); 

CREATE INDEX AWS_WFH_FORMSNAPSHOT_IND1 ON  WFH_FORMSNAPSHOT (PROCESSINSTID); 

CREATE INDEX AWS_WFH_COMMENT_IND1 ON  WFH_COMMENT (PROCESSINSTID); 

CREATE INDEX AWS_WFH_COMMENT_IND2 ON  WFH_COMMENT (TASKINSTID); 

ALTER TABLE WFC_PROCESS ADD CONSTRAINT  AWS_WFC_PROCESS_UN1 UNIQUE (BUSINESSKEY); 

CREATE INDEX AWS_WFC_PROCESS_IND1 ON  WFC_PROCESS (PROCESSDEFID); 

CREATE INDEX AWS_WFC_PROCESS_IND2 ON  WFC_PROCESS (PROCESSGROUPID); 

CREATE INDEX AWS_WFC_PROCESS_IND3 ON  WFC_PROCESS (CONTROLSTATE); 

CREATE INDEX AWS_WFC_PROCESS_IND4 ON  WFC_PROCESS (CREATEUSER); 

CREATE INDEX AWS_WFC_PROCESS_IND5 ON  WFC_PROCESS (PARENTPROCESSINSTID); 

CREATE INDEX AWS_WFC_PROCESS_IND6 ON  WFC_PROCESS (STARTTIME); 

CREATE INDEX AWS_WFC_TASK_IND1 ON  WFC_TASK (PROCESSINSTID); 

CREATE INDEX AWS_WFC_TASK_IND2 ON  WFC_TASK (PROCESSGROUPID); 

CREATE INDEX AWS_WFC_TASK_IND3 ON  WFC_TASK (ACTIVITYDEFID); 

CREATE INDEX AWS_WFC_TASK_IND4 ON  WFC_TASK (OWNER); 

CREATE INDEX AWS_WFC_TASK_IND5 ON  WFC_TASK (TARGET); 

CREATE INDEX AWS_WFC_TASK_IND8 ON  WFC_TASK (CLAIMRESOURCEID); 

CREATE INDEX AWS_SYS_SLA_ALARM_IND1 ON  SYS_SLA_ALARM (INSTNAME); 

CREATE INDEX AWS_WFC_VAR_IND1 ON  WFC_VAR (PROCESSINSTID,VARNAME,VARSCOPE);

CREATE INDEX AWS_WFC_TASK_IND6 ON  WFC_TASK (TASKTITLE,TASKSTATE);

CREATE INDEX AWS_WFC_TASKMID_IND1 ON  WFC_TASKMID (PROCESSINSTID,TASKINSTID);

CREATE INDEX AWS_WFC_TRANSITION_IND1 ON  WFC_TRANSITION (PROCESSINSTID,TASKINSTID);

CREATE INDEX AWS_WFH_FORMPRINT_IND1 ON  WFH_FORMPRINT (PROCESSINSTID,TASKINSTID);

CREATE INDEX AWS_WFH_VAR_IND1 ON  WFH_VAR (PROCESSINSTID,VARNAME); 

CREATE INDEX AWS_WFH_TASK_IND6 ON  WFH_TASK (TASKTITLE,TASKSTATE); 

CREATE INDEX AWS_WFH_TRANSITION_IND1 ON  WFH_TRANSITION (PROCESSINSTID,TASKINSTID); 

CREATE INDEX AWS_WFC_FILES_IND1 ON WFC_FORMFILES (BOID, BOFIELDNAME);

ALTER TABLE ORGROLE ADD CONSTRAINT  AWS_ORGROLE_UN1 UNIQUE (ROLENAME,CATEGORYNAME); 

ALTER TABLE ORGTEAM_MEMBER ADD CONSTRAINT  AWS_ORGTEAM_MEMEBER_UN1 UNIQUE (TEAMID,USERID); 

ALTER TABLE SYS_PERMISSIONLIST ADD CONSTRAINT AWS_SYS_PERMISSIONLIST_UN1 UNIQUE (PERMISSIONID,RESOURCETYPE,RESOURCEID,ACCESSMODE); 

ALTER TABLE SYS_PERMISSIONASSN ADD CONSTRAINT AWS_SYS_PERMISSIONASSN_UN1 UNIQUE (ASSIGNMENTTYPE,ASSIGNMENTID,PERMISSIONID);

ALTER TABLE SYS_SLA_DIM_M ADD CONSTRAINT AWS_SYS_SLA_DIM_M_UK1 UNIQUE (INSTNAME, METRICID, VTIME);

ALTER TABLE SYS_SLA_DIM_H ADD CONSTRAINT AWS_SYS_SLA_DIM_H_UK1 UNIQUE (INSTNAME, METRICID, VTIME);

ALTER TABLE SYS_SLA_DIM_D ADD CONSTRAINT AWS_SYS_SLA_DIM_D_UK1 UNIQUE (INSTNAME, METRICID, VTIME);

ALTER TABLE MDM_POLICY_INSTALL ADD CONSTRAINT AWS_MDM_POLICY_INSTALL_UN1 UNIQUE (POLICYID, DEVICEID); 

CREATE INDEX IDX_QRTZ_J_REQ_RECOVERY ON QRTZ_JOB_DETAILS(SCHED_NAME,REQUESTS_RECOVERY);

CREATE INDEX IDX_QRTZ_J_GRP ON QRTZ_JOB_DETAILS(SCHED_NAME,JOB_GROUP);

CREATE INDEX IDX_QRTZ_T_J ON QRTZ_TRIGGERS(SCHED_NAME,JOB_NAME,JOB_GROUP);

CREATE INDEX IDX_QRTZ_T_JG ON QRTZ_TRIGGERS(SCHED_NAME,JOB_GROUP);

CREATE INDEX IDX_QRTZ_T_C ON QRTZ_TRIGGERS(SCHED_NAME,CALENDAR_NAME);

CREATE INDEX IDX_QRTZ_T_G ON QRTZ_TRIGGERS(SCHED_NAME,TRIGGER_GROUP);

CREATE INDEX IDX_QRTZ_T_STATE ON QRTZ_TRIGGERS(SCHED_NAME,TRIGGER_STATE);

CREATE INDEX IDX_QRTZ_T_N_STATE ON QRTZ_TRIGGERS(SCHED_NAME,TRIGGER_NAME,TRIGGER_GROUP,TRIGGER_STATE);

CREATE INDEX IDX_QRTZ_T_N_G_STATE ON QRTZ_TRIGGERS(SCHED_NAME,TRIGGER_GROUP,TRIGGER_STATE);

CREATE INDEX IDX_QRTZ_T_NEXT_FIRE_TIME ON QRTZ_TRIGGERS(SCHED_NAME,NEXT_FIRE_TIME);

CREATE INDEX IDX_QRTZ_T_NFT_ST ON QRTZ_TRIGGERS(SCHED_NAME,TRIGGER_STATE,NEXT_FIRE_TIME);

CREATE INDEX IDX_QRTZ_T_NFT_MISFIRE ON QRTZ_TRIGGERS(SCHED_NAME,MISFIRE_INSTR,NEXT_FIRE_TIME);

CREATE INDEX IDX_QRTZ_T_NFT_ST_MISFIRE ON QRTZ_TRIGGERS(SCHED_NAME,MISFIRE_INSTR,NEXT_FIRE_TIME,TRIGGER_STATE);

CREATE INDEX IDX_QRTZ_T_NFT_ST_MISFIRE_GRP ON QRTZ_TRIGGERS(SCHED_NAME,MISFIRE_INSTR,NEXT_FIRE_TIME,TRIGGER_GROUP,TRIGGER_STATE);

CREATE INDEX IDX_QRTZ_FT_TRIG_INST_NAME ON QRTZ_FIRED_TRIGGERS(SCHED_NAME,INSTANCE_NAME);

CREATE INDEX IDX_QRTZ_FT_INST_JOB_REQ_RCVRY ON QRTZ_FIRED_TRIGGERS(SCHED_NAME,INSTANCE_NAME,REQUESTS_RECOVERY);

CREATE INDEX IDX_QRTZ_FT_J_G ON QRTZ_FIRED_TRIGGERS(SCHED_NAME,JOB_NAME,JOB_GROUP);

CREATE INDEX IDX_QRTZ_FT_JG ON QRTZ_FIRED_TRIGGERS(SCHED_NAME,JOB_GROUP);

CREATE INDEX IDX_QRTZ_FT_T_G ON QRTZ_FIRED_TRIGGERS(SCHED_NAME,TRIGGER_NAME,TRIGGER_GROUP);

CREATE INDEX IDX_QRTZ_FT_TG ON QRTZ_FIRED_TRIGGERS(SCHED_NAME,TRIGGER_GROUP);

INSERT INTO ORGCOMPANY(ID,COMPANYNO,COMPANYNAME,ORDERINDEX,WORKCANLENDAR,COMPANYTYPE,COMPANYDESC,LOOKANDFEEL,EXT1,EXT2) VALUES('8911e732-b42a-4556-853f-ad32761bcbee','001','评估试用版',0,NULL,'普通',NULL,NULL,NULL,NULL);

INSERT INTO ORGDEPARTMENT(ID,PARENTDEPARTMENTID,DEPARTMENTNAME,ORDERINDEX,DEPARTMENTDESC,DEPARTMENTNO,LAYER,ADMINISTRATORS,DEPARTMENTZONE,COMPANYID,OUTERID,EXT1,EXT2,WORKCANLENDAR) VALUES('5bc3a2dc-3bd2-4376-bcc3-5612e28e55fe','0','部门1',1,NULL,'0101',1,NULL,'A仓库','8911e732-b42a-4556-853f-ad32761bcbee',NULL,NULL,NULL,NULL);

INSERT INTO ORGROLE(ID,ROLENAME,ORDERINDEX,CATEGORYNAME,LOOKANDFEEL,ROLENO) VALUES('1924ae2b-4b41-41f0-a6d8-427d425fd974','PAL专业用户',2,'用户',NULL,NULL);

INSERT INTO ORGROLE(ID,ROLENAME,ORDERINDEX,CATEGORYNAME,LOOKANDFEEL,ROLENO) VALUES('d102c89d-55f3-4865-9d5c-c00b7f47b803','系统管理员',0,'系统',NULL,NULL);

INSERT INTO ORGROLE(ID,ROLENAME,ORDERINDEX,CATEGORYNAME,LOOKANDFEEL,ROLENO) VALUES('a2466571-b615-42bb-86b4-b9c9c15d6730','普通员工',1,'用户',NULL,NULL);

INSERT INTO ORGUSER(ID,USERNO,USERID,USERNAME,ORDERINDEX,PASSWORD,CLOSED,DEPARTMENTID,ROLEID,ISMANAGER,WORKCANLENDAR,POSITION_NO,POSITION_NAME,POSITION_LAYER,OFFICETEL,OFFICEFAX,MOBILE,EMAIL,USERIP,ISSINGLELOGIN,WORK_STATUS,SESSIONTIME,OUTERID,WECHAT,WECHATEID,EXT1,EXT2,EXT3,EXT4,EXT5) VALUES('610ce679-47af-4411-ab92-75424bca2acc',NULL,'admin','管理员',1,'84cf150730c28fe444b3f507142dba68',0,'5bc3a2dc-3bd2-4376-bcc3-5612e28e55fe','d102c89d-55f3-4865-9d5c-c00b7f47b803',0,NULL,NULL,NULL,NULL,NULL,NULL,NULL,NULL,NULL,0,'工作中',120,NULL,NULL,NULL,NULL,NULL,NULL,NULL,NULL);

INSERT INTO SYS_PERMISSION(ID,CATEGORYNAME,PERMISSIONNAME,PERMISSIONDESC,ISSYSTEM) VALUES('5cd55d85-fe90-4c35-9fbd-84de5b43281c','用户','PAL专业用户','CoE专业用户权限',0);

INSERT INTO SYS_PERMISSION(ID,CATEGORYNAME,PERMISSIONNAME,PERMISSIONDESC,ISSYSTEM) VALUES('81bac52c-170a-46d0-9aff-8aa8a25b26c4','用户','普通用户','普通用户通用权限',0);

INSERT INTO SYS_PERMISSION(ID,CATEGORYNAME,PERMISSIONNAME,PERMISSIONDESC,ISSYSTEM) VALUES('ff6a0ce9-1a01-4091-b8c2-7eb3547b0c31','系统','管理员组','拥有系统全部权限，设计、管理、监控系统的运行',1);

INSERT INTO SYS_PERMISSIONLIST(ID,PERMISSIONID,RESOURCETYPE,RESOURCEID,ACCESSMODE) VALUES('1bf5a287-d2fe-41b6-9165-a52eff090273','5cd55d85-fe90-4c35-9fbd-84de5b43281c','FunctionObject','obj_00093403df6a17ed729913d64f48f930',0);

INSERT INTO SYS_PERMISSIONLIST(ID,PERMISSIONID,RESOURCETYPE,RESOURCEID,ACCESSMODE) VALUES('58aa0fd0-9a63-4b14-b2e9-ca428d39e8e3','ff6a0ce9-1a01-4091-b8c2-7eb3547b0c31','FunctionObject','obj_eea6258980a8427fb12cbf743b0a01f3',0);

INSERT INTO SYS_PERMISSIONLIST(ID,PERMISSIONID,RESOURCETYPE,RESOURCEID,ACCESSMODE) VALUES('6189fa42-005b-44d1-9a74-a21ff731239a','ff6a0ce9-1a01-4091-b8c2-7eb3547b0c31','FunctionObject','obj_7c5c791cb44440b0a4ea62a147f1766f',0);

INSERT INTO SYS_PERMISSIONLIST(ID,PERMISSIONID,RESOURCETYPE,RESOURCEID,ACCESSMODE) VALUES('89dd1301-b519-4286-88d4-521274640669','ff6a0ce9-1a01-4091-b8c2-7eb3547b0c31','FunctionObject','obj_fead799c3a0883bf7421de14471d4232',0);

INSERT INTO SYS_PERMISSIONLIST(ID,PERMISSIONID,RESOURCETYPE,RESOURCEID,ACCESSMODE) VALUES('42eda0b4-45ad-478f-9458-4399ce42e187','ff6a0ce9-1a01-4091-b8c2-7eb3547b0c31','FunctionObject','obj_021a2ecfd67a40cf8b52670906951812',0);

INSERT INTO SYS_PERMISSIONLIST(ID,PERMISSIONID,RESOURCETYPE,RESOURCEID,ACCESSMODE) VALUES('1af083fa-c8d1-4cb9-818f-548b06d5f884','ff6a0ce9-1a01-4091-b8c2-7eb3547b0c31','FunctionObject','obj_d1c3fd6184f042ddbcd45030773313b4',0);

INSERT INTO SYS_PERMISSIONLIST(ID,PERMISSIONID,RESOURCETYPE,RESOURCEID,ACCESSMODE) VALUES('f1b4011c-f7a9-400f-9b93-b5153b16ce2b','ff6a0ce9-1a01-4091-b8c2-7eb3547b0c31','FunctionObject','obj_71b829e1fe0e42fea7efa0ac207215a7',0);

INSERT INTO SYS_PERMISSIONLIST(ID,PERMISSIONID,RESOURCETYPE,RESOURCEID,ACCESSMODE) VALUES('7ff220b6-5693-4e79-af86-29d07c97dd85','ff6a0ce9-1a01-4091-b8c2-7eb3547b0c31','FunctionObject','obj_72e15b8c226d4ba794360a90c38848c7',0);

INSERT INTO SYS_PERMISSIONLIST(ID,PERMISSIONID,RESOURCETYPE,RESOURCEID,ACCESSMODE) VALUES('9908a07c-ae96-40c9-9025-6e49014074e7','ff6a0ce9-1a01-4091-b8c2-7eb3547b0c31','FunctionObject','obj_2376d8ca158247eabbf717c61a9fa797',0);

INSERT INTO SYS_PERMISSIONLIST(ID,PERMISSIONID,RESOURCETYPE,RESOURCEID,ACCESSMODE) VALUES('3025b08e-2df9-4d95-8dff-e80687a628ab','81bac52c-170a-46d0-9aff-8aa8a25b26c4','FunctionObject','obj_00093403df6a17ed729913d64f48f930',0);

INSERT INTO SYS_PERMISSIONLIST(ID,PERMISSIONID,RESOURCETYPE,RESOURCEID,ACCESSMODE) VALUES('3cbc8081-fd2a-40a4-8209-627cf77bc74c','ff6a0ce9-1a01-4091-b8c2-7eb3547b0c31','FunctionObject','obj_ed721d4f4b5e468caa6fb5e0438c9918',0);

INSERT INTO SYS_PERMISSIONLIST(ID,PERMISSIONID,RESOURCETYPE,RESOURCEID,ACCESSMODE) VALUES('4a84073c-8c58-4469-8d3e-f0e0908393ec','ff6a0ce9-1a01-4091-b8c2-7eb3547b0c31','FunctionObject','obj_ce318c5a66d546afbe22db8fa0c2f4eb',0);

INSERT INTO SYS_PERMISSIONLIST(ID,PERMISSIONID,RESOURCETYPE,RESOURCEID,ACCESSMODE) VALUES('9b8aa64e-cb42-4bae-b150-438522ca6a3e','ff6a0ce9-1a01-4091-b8c2-7eb3547b0c31','FunctionObject','obj_fead799c3a08824e229cd53849037105',0);

INSERT INTO SYS_PERMISSIONLIST(ID,PERMISSIONID,RESOURCETYPE,RESOURCEID,ACCESSMODE) VALUES('eb06a871-b3da-4e02-9fde-ee626e06c440','ff6a0ce9-1a01-4091-b8c2-7eb3547b0c31','FunctionObject','obj_b86858dad50c4ca09421efefa85f0eda',0);

INSERT INTO SYS_PERMISSIONLIST(ID,PERMISSIONID,RESOURCETYPE,RESOURCEID,ACCESSMODE) VALUES('89685b45-1456-4c18-980e-3786e5563683','ff6a0ce9-1a01-4091-b8c2-7eb3547b0c31','FunctionObject','obj_bcc9b728ffef41f1a12d81da2249493c',0);

INSERT INTO SYS_PERMISSIONLIST(ID,PERMISSIONID,RESOURCETYPE,RESOURCEID,ACCESSMODE) VALUES('7b62bb8a-080b-4162-b21e-518b5d9a20f6','ff6a0ce9-1a01-4091-b8c2-7eb3547b0c31','FunctionObject','obj_bd6f66c8f895451fb2413acc2d8ee210',0);

INSERT INTO SYS_PERMISSIONLIST(ID,PERMISSIONID,RESOURCETYPE,RESOURCEID,ACCESSMODE) VALUES('8e588228-7f29-409c-b23a-5578bc8c6b93','ff6a0ce9-1a01-4091-b8c2-7eb3547b0c31','FunctionObject','obj_21939c27fd3446c6ba75ddee9967ec94',0);

INSERT INTO SYS_PERMISSIONLIST(ID,PERMISSIONID,RESOURCETYPE,RESOURCEID,ACCESSMODE) VALUES('074f230c-90b0-459e-9906-1dff61a17907','ff6a0ce9-1a01-4091-b8c2-7eb3547b0c31','FunctionObject','obj_34810c8de58845e1ace7cc5ec851f49f',0);

INSERT INTO SYS_PERMISSIONLIST(ID,PERMISSIONID,RESOURCETYPE,RESOURCEID,ACCESSMODE) VALUES('af245c84-172b-4c5c-809a-f1b4dc1317f4','ff6a0ce9-1a01-4091-b8c2-7eb3547b0c31','FunctionObject','obj_d6da5ecc355e460682e3d50f09eb8f47',0);

INSERT INTO SYS_PERMISSIONLIST(ID,PERMISSIONID,RESOURCETYPE,RESOURCEID,ACCESSMODE) VALUES('50f1b48f-5fa3-48ec-aca7-d5e94191bc8c','ff6a0ce9-1a01-4091-b8c2-7eb3547b0c31','FunctionObject','obj_0f29d0b319e7418cb9283f2745d9b757',0);

INSERT INTO SYS_PERMISSIONLIST(ID,PERMISSIONID,RESOURCETYPE,RESOURCEID,ACCESSMODE) VALUES('c61bef1c-0718-4e29-818a-96b087bfbcf1','ff6a0ce9-1a01-4091-b8c2-7eb3547b0c31','FunctionObject','obj_fead799c3a08827271c12fb481382947',0);

INSERT INTO SYS_PERMISSIONLIST(ID,PERMISSIONID,RESOURCETYPE,RESOURCEID,ACCESSMODE) VALUES('46d91380-230f-4588-99e8-b9bfc6553dfa','ff6a0ce9-1a01-4091-b8c2-7eb3547b0c31','FunctionObject','obj_adb6dc511f7642bda0e71cc803ecf45b',0);

INSERT INTO SYS_PERMISSIONLIST(ID,PERMISSIONID,RESOURCETYPE,RESOURCEID,ACCESSMODE) VALUES('2181f94d-4986-461c-aac5-b3751aad011c','ff6a0ce9-1a01-4091-b8c2-7eb3547b0c31','FunctionObject','obj_a589651192ab4697af04be46b79412ff',0);

INSERT INTO SYS_PERMISSIONLIST(ID,PERMISSIONID,RESOURCETYPE,RESOURCEID,ACCESSMODE) VALUES('fe233f84-120b-44f6-aac6-8239ad4425c5','ff6a0ce9-1a01-4091-b8c2-7eb3547b0c31','FunctionObject','obj_a48df516fbff483e87b9271e746f2cba',0);

INSERT INTO SYS_PERMISSIONLIST(ID,PERMISSIONID,RESOURCETYPE,RESOURCEID,ACCESSMODE) VALUES('d7a03009-4028-4abf-9a6e-181d475063d8','ff6a0ce9-1a01-4091-b8c2-7eb3547b0c31','FunctionObject','obj_fead799c3a08826630a0c21ccb7f5770',0);

INSERT INTO SYS_PERMISSIONLIST(ID,PERMISSIONID,RESOURCETYPE,RESOURCEID,ACCESSMODE) VALUES('0dc062af-2bba-40d3-a080-26b112f32f63','ff6a0ce9-1a01-4091-b8c2-7eb3547b0c31','FunctionObject','obj_d23434ace23e4217be28800a3cee7018',0);

INSERT INTO SYS_PERMISSIONLIST(ID,PERMISSIONID,RESOURCETYPE,RESOURCEID,ACCESSMODE) VALUES('ffaa3917-a97e-44fc-859a-07cfa9f38c53','ff6a0ce9-1a01-4091-b8c2-7eb3547b0c31','FunctionObject','obj_066c806da2dd49318dd7a52a366eee17',0);

INSERT INTO SYS_PERMISSIONLIST(ID,PERMISSIONID,RESOURCETYPE,RESOURCEID,ACCESSMODE) VALUES('4c38c7e2-dd29-48fc-be78-8a464687eae1','ff6a0ce9-1a01-4091-b8c2-7eb3547b0c31','FunctionObject','obj_76213384e8364b05a835c1901ae3f3c2',0);

INSERT INTO SYS_PERMISSIONLIST(ID,PERMISSIONID,RESOURCETYPE,RESOURCEID,ACCESSMODE) VALUES('b0e31792-9041-435c-9fb7-becbcf2b9bb5','ff6a0ce9-1a01-4091-b8c2-7eb3547b0c31','FunctionObject','obj_fead799c3a08838560a233464bfd0482',0);

INSERT INTO SYS_PERMISSIONLIST(ID,PERMISSIONID,RESOURCETYPE,RESOURCEID,ACCESSMODE) VALUES('7166d205-d776-4f3a-b274-354ce04ddb6f','ff6a0ce9-1a01-4091-b8c2-7eb3547b0c31','FunctionObject','obj_1124cbeacf724305ab8e37a0d621f09b',0);

INSERT INTO SYS_PERMISSIONLIST(ID,PERMISSIONID,RESOURCETYPE,RESOURCEID,ACCESSMODE) VALUES('b57ac1de-cc5a-4fbf-beb7-f12964d7b376','ff6a0ce9-1a01-4091-b8c2-7eb3547b0c31','FunctionObject','obj_0dbec2b0de7444d38a5df06fd11d82a8',0);

INSERT INTO SYS_PERMISSIONLIST(ID,PERMISSIONID,RESOURCETYPE,RESOURCEID,ACCESSMODE) VALUES('e9d431cd-d725-4bcc-a758-00e016c290f9','ff6a0ce9-1a01-4091-b8c2-7eb3547b0c31','FunctionObject','obj_6300d1b504ec45cf8d623537b877b3b0',0);

INSERT INTO SYS_PERMISSIONLIST(ID,PERMISSIONID,RESOURCETYPE,RESOURCEID,ACCESSMODE) VALUES('3a9e02ac-298d-4a0b-9dbe-85b14c105c25','ff6a0ce9-1a01-4091-b8c2-7eb3547b0c31','FunctionObject','obj_a31098709d2d4e059e91620e90bd53da',0);

INSERT INTO SYS_PERMISSIONLIST(ID,PERMISSIONID,RESOURCETYPE,RESOURCEID,ACCESSMODE) VALUES('f1325260-3752-469c-ba55-433d6226ab3b','ff6a0ce9-1a01-4091-b8c2-7eb3547b0c31','FunctionObject','obj_6300d1b504ec45cf8d623537b877b3b1',0);

INSERT INTO SYS_PERMISSIONLIST(ID,PERMISSIONID,RESOURCETYPE,RESOURCEID,ACCESSMODE) VALUES('7bdc893d-557d-4f98-a0ee-d8d7d4a292a7','ff6a0ce9-1a01-4091-b8c2-7eb3547b0c31','FunctionObject','obj_fead799c3a08826630a0c21ccb7f5880',0);

INSERT INTO SYS_PERMISSIONLIST(ID,PERMISSIONID,RESOURCETYPE,RESOURCEID,ACCESSMODE) VALUES('a70627ad-084a-4801-835e-b4ec4e8dbc2c','ff6a0ce9-1a01-4091-b8c2-7eb3547b0c31','FunctionObject','obj_2daac0a24d7d47cd933e580aa142c8bd',0);

INSERT INTO SYS_PERMISSIONLIST(ID,PERMISSIONID,RESOURCETYPE,RESOURCEID,ACCESSMODE) VALUES('835fd2b1-f913-4997-abc6-3f812085d168','ff6a0ce9-1a01-4091-b8c2-7eb3547b0c31','FunctionObject','obj_3a562f7f40c94801b7100cf2e2630d10',0);

INSERT INTO SYS_PERMISSIONLIST(ID,PERMISSIONID,RESOURCETYPE,RESOURCEID,ACCESSMODE) VALUES('4eb8c3a6-266c-4d8b-8f11-18f6a507d8a6','ff6a0ce9-1a01-4091-b8c2-7eb3547b0c31','FunctionObject','obj_9ab8876a3b93483688393e91074f67db',0);

INSERT INTO SYS_PERMISSIONASSN(ID,ASSIGNMENTTYPE,ASSIGNMENTID,PERMISSIONID) VALUES('9759b01c-46b3-463f-9371-9ed7caf1db26','role','1924ae2b-4b41-41f0-a6d8-427d425fd974','5cd55d85-fe90-4c35-9fbd-84de5b43281c');

INSERT INTO SYS_PERMISSIONASSN(ID,ASSIGNMENTTYPE,ASSIGNMENTID,PERMISSIONID) VALUES('b8db16a2-12ab-4f50-b9c4-923751b6f40e','role','a2466571-b615-42bb-86b4-b9c9c15d6730','81bac52c-170a-46d0-9aff-8aa8a25b26c4');

INSERT INTO SYS_PERMISSIONASSN(ID,ASSIGNMENTTYPE,ASSIGNMENTID,PERMISSIONID) VALUES('60156f81-1c2b-4300-b294-25df113fda19','role','d102c89d-55f3-4865-9d5c-c00b7f47b803','81bac52c-170a-46d0-9aff-8aa8a25b26c4');

INSERT INTO SYS_PERMISSIONASSN(ID,ASSIGNMENTTYPE,ASSIGNMENTID,PERMISSIONID) VALUES('e38c6e67-b698-4fb5-a988-1fd9b0f1257e','role','d102c89d-55f3-4865-9d5c-c00b7f47b803','ff6a0ce9-1a01-4091-b8c2-7eb3547b0c31');

INSERT INTO SYS_NAV_SYSTEM(ID,SYSTEMNAME,ORDERINDEX,LINKURL,LINKTARGET,ICON16,ICON64,ICON96,NAVDESC,APPID,ISHIDDEN,ISACTIVITY,PORTALLAYOUT,PORTALLOCKED,NOTIFIER) VALUES('obj_00093403df6a17ed729913d64f48f930','lang:fee70b6d027d87ea3a830ad0d22394d1',10,'/','leftFrame','../commons/img/home_16.png','../commons/img/home_64.png','../commons/img/home_96.png',NULL,NULL,0,1,'aws-portlet-layout.4','{2535:admin:1}',NULL);

INSERT INTO SYS_NAV_SYSTEM(ID,SYSTEMNAME,ORDERINDEX,LINKURL,LINKTARGET,ICON16,ICON64,ICON96,NAVDESC,APPID,ISHIDDEN,ISACTIVITY,PORTALLAYOUT,PORTALLOCKED,NOTIFIER) VALUES('obj_ed721d4f4b5e468caa6fb5e0438c9918','BPM管理开发平台',1,'/','leftFrame',NULL,NULL,NULL,NULL,NULL,0,1,NULL,NULL,NULL);

INSERT INTO SYS_NAV_DIRECTORY(ID,SYSTEMID,DIRECTORYNAME,ORDERINDEX,LINKURL,LINKTARGET,ICON16,ICON64,ICON96,NAVDESC,APPID,ISACTIVITY,NOTIFIER,EXT1,EXT2) VALUES('obj_ce318c5a66d546afbe22db8fa0c2f4eb','obj_ed721d4f4b5e468caa6fb5e0438c9918','obj_ce318c5a66d546afbe22db8fa0c2f4eb',1,'./w?sid=@sid&&cmd=CONSOLE_DASHBOARD_MAIN_PAGE','mainFrame',NULL,NULL,NULL,NULL,NULL,1,NULL,'overview',NULL);

INSERT INTO SYS_NAV_DIRECTORY(ID,SYSTEMID,DIRECTORYNAME,ORDERINDEX,LINKURL,LINKTARGET,ICON16,ICON64,ICON96,NAVDESC,APPID,ISACTIVITY,NOTIFIER,EXT1,EXT2) VALUES('obj_fead799c3a08824e229cd53849037105','obj_ed721d4f4b5e468caa6fb5e0438c9918','obj_fead799c3a08824e229cd53849037105',2,NULL,'mainFrame',NULL,NULL,NULL,'.',NULL,1,NULL,'apps',NULL);

INSERT INTO SYS_NAV_DIRECTORY(ID,SYSTEMID,DIRECTORYNAME,ORDERINDEX,LINKURL,LINKTARGET,ICON16,ICON64,ICON96,NAVDESC,APPID,ISACTIVITY,NOTIFIER,EXT1,EXT2) VALUES('obj_fead799c3a08826630a0c21ccb7f5770','obj_ed721d4f4b5e468caa6fb5e0438c9918','obj_fead799c3a08826630a0c21ccb7f5770',4,NULL,'mainFrame',NULL,NULL,NULL,'.',NULL,1,NULL,'phone1',NULL);

INSERT INTO SYS_NAV_DIRECTORY(ID,SYSTEMID,DIRECTORYNAME,ORDERINDEX,LINKURL,LINKTARGET,ICON16,ICON64,ICON96,NAVDESC,APPID,ISACTIVITY,NOTIFIER,EXT1,EXT2) VALUES('obj_fead799c3a08826630a0c21ccb7f5880','obj_ed721d4f4b5e468caa6fb5e0438c9918','obj_fead799c3a08826630a0c21ccb7f5880',6,NULL,'mainFrame',NULL,NULL,NULL,NULL,NULL,1,NULL,'sheshi',NULL);

INSERT INTO SYS_NAV_DIRECTORY(ID,SYSTEMID,DIRECTORYNAME,ORDERINDEX,LINKURL,LINKTARGET,ICON16,ICON64,ICON96,NAVDESC,APPID,ISACTIVITY,NOTIFIER,EXT1,EXT2) VALUES('obj_fead799c3a08827271c12fb481382947','obj_ed721d4f4b5e468caa6fb5e0438c9918','obj_fead799c3a08827271c12fb481382947',3,NULL,'mainFrame',NULL,NULL,NULL,'.',NULL,1,NULL,'service',NULL);

INSERT INTO SYS_NAV_DIRECTORY(ID,SYSTEMID,DIRECTORYNAME,ORDERINDEX,LINKURL,LINKTARGET,ICON16,ICON64,ICON96,NAVDESC,APPID,ISACTIVITY,NOTIFIER,EXT1,EXT2) VALUES('obj_fead799c3a08838560a233464bfd0482','obj_ed721d4f4b5e468caa6fb5e0438c9918','obj_fead799c3a08838560a233464bfd0482',5,'./w?sid=@sid&&cmd=CONSOLE_PRM_PORTAL_OPEN','mainFrame',NULL,NULL,NULL,'.',NULL,1,NULL,'phone',NULL);

INSERT INTO SYS_NAV_DIRECTORY(ID,SYSTEMID,DIRECTORYNAME,ORDERINDEX,LINKURL,LINKTARGET,ICON16,ICON64,ICON96,NAVDESC,APPID,ISACTIVITY,NOTIFIER,EXT1,EXT2) VALUES('obj_2376d8ca158247eabbf717c61a9fa797','obj_ed721d4f4b5e468caa6fb5e0438c9918','obj_2376d8ca158247eabbf717c61a9fa797',8,'./w?sid=@sid&&cmd=CONSOLE_ADDONS_HOME_PAGE','mainFrame',NULL,NULL,NULL,NULL,NULL,1,NULL,'tooladd',NULL);

INSERT INTO SYS_NAV_DIRECTORY(ID,SYSTEMID,DIRECTORYNAME,ORDERINDEX,LINKURL,LINKTARGET,ICON16,ICON64,ICON96,NAVDESC,APPID,ISACTIVITY,NOTIFIER,EXT1,EXT2) VALUES('obj_fead799c3a0883bf7421de14471d4232','obj_ed721d4f4b5e468caa6fb5e0438c9918','obj_fead799c3a0883bf7421de14471d4232',7,NULL,'mainFrame',NULL,NULL,NULL,'.',NULL,1,NULL,'system',NULL);

INSERT INTO SYS_NAV_FUNCTION(ID,DIRECTORYID,FUNCTIONNAME,LINKURL,LINKTARGET,ICON16,ICON64,ICON96,NAVDESC,APPID,ORDERINDEX,ISACTIVITY,NOTIFIER,EXT1,EXT2) VALUES('obj_bcc9b728ffef41f1a12d81da2249493c','obj_fead799c3a08824e229cd53849037105','obj_bcc9b728ffef41f1a12d81da2249493c','./w?sid=@sid&&cmd=CONSOLE_ADMIN_AMC_APPLICATION_MANAGEMENT&&param=','mainFrame',NULL,NULL,NULL,NULL,NULL,2,1,NULL,NULL,NULL);

INSERT INTO SYS_NAV_FUNCTION(ID,DIRECTORYID,FUNCTIONNAME,LINKURL,LINKTARGET,ICON16,ICON64,ICON96,NAVDESC,APPID,ORDERINDEX,ISACTIVITY,NOTIFIER,EXT1,EXT2) VALUES('obj_bd6f66c8f895451fb2413acc2d8ee210','obj_fead799c3a08824e229cd53849037105','obj_bd6f66c8f895451fb2413acc2d8ee210','./w?sid=@sid&&cmd=CONSOLE_ADMIN_AMC_APPLICATION_INSTALL&&param=','mainFrame',NULL,NULL,NULL,NULL,NULL,3,1,NULL,NULL,NULL);

INSERT INTO SYS_NAV_FUNCTION(ID,DIRECTORYID,FUNCTIONNAME,LINKURL,LINKTARGET,ICON16,ICON64,ICON96,NAVDESC,APPID,ORDERINDEX,ISACTIVITY,NOTIFIER,EXT1,EXT2) VALUES('obj_21939c27fd3446c6ba75ddee9967ec94','obj_fead799c3a08824e229cd53849037105','obj_21939c27fd3446c6ba75ddee9967ec94','./w?sid=@sid&&cmd=CONSOLE_ADMIN_AMC_APPLICATION_UPGRADE&&param=','mainFrame',NULL,NULL,NULL,NULL,NULL,4,1,NULL,NULL,NULL);

INSERT INTO SYS_NAV_FUNCTION(ID,DIRECTORYID,FUNCTIONNAME,LINKURL,LINKTARGET,ICON16,ICON64,ICON96,NAVDESC,APPID,ORDERINDEX,ISACTIVITY,NOTIFIER,EXT1,EXT2) VALUES('obj_34810c8de58845e1ace7cc5ec851f49f','obj_fead799c3a08824e229cd53849037105','obj_34810c8de58845e1ace7cc5ec851f49f','./w?sid=@sid&&cmd=CONSOLE_ADMIN_AMC_APPLICATION_UNINSTALL&&param=','mainFrame',NULL,NULL,NULL,NULL,NULL,5,1,NULL,NULL,NULL);

INSERT INTO SYS_NAV_FUNCTION(ID,DIRECTORYID,FUNCTIONNAME,LINKURL,LINKTARGET,ICON16,ICON64,ICON96,NAVDESC,APPID,ORDERINDEX,ISACTIVITY,NOTIFIER,EXT1,EXT2) VALUES('obj_d6da5ecc355e460682e3d50f09eb8f47','obj_fead799c3a08824e229cd53849037105','obj_d6da5ecc355e460682e3d50f09eb8f47','./w?sid=@sid&&cmd=CONSOLE_ADMIN_AMC_APPLICATION_DEVELOP&&param={navIndex:1}','mainFrame',NULL,NULL,NULL,NULL,NULL,6,1,NULL,NULL,NULL);

INSERT INTO SYS_NAV_FUNCTION(ID,DIRECTORYID,FUNCTIONNAME,LINKURL,LINKTARGET,ICON16,ICON64,ICON96,NAVDESC,APPID,ORDERINDEX,ISACTIVITY,NOTIFIER,EXT1,EXT2) VALUES('obj_0f29d0b319e7418cb9283f2745d9b757','obj_fead799c3a08824e229cd53849037105','obj_0f29d0b319e7418cb9283f2745d9b757','./w?sid=@sid&&cmd=CONSOLE_ADMIN_AMC_MESSAGE_CENTER_PAGE&&param={navIndex:2}','mainFrame',NULL,NULL,NULL,NULL,NULL,7,1,NULL,NULL,NULL);

INSERT INTO SYS_NAV_FUNCTION(ID,DIRECTORYID,FUNCTIONNAME,LINKURL,LINKTARGET,ICON16,ICON64,ICON96,NAVDESC,APPID,ORDERINDEX,ISACTIVITY,NOTIFIER,EXT1,EXT2) VALUES('obj_6300d1b504ec45cf8d623537b877b3b1','obj_fead799c3a08838560a233464bfd0482','obj_6300d1b504ec45cf8d623537b877b3b1','./w?sid=@sid&&cmd=CONSOLE_BYOD_MDM_CERTIFICATE_MANAGEMENT_PAGE&&param=','mainFrame',NULL,NULL,NULL,NULL,NULL,5,1,NULL,NULL,NULL);

INSERT INTO SYS_NAV_FUNCTION(ID,DIRECTORYID,FUNCTIONNAME,LINKURL,LINKTARGET,ICON16,ICON64,ICON96,NAVDESC,APPID,ORDERINDEX,ISACTIVITY,NOTIFIER,EXT1,EXT2) VALUES('obj_1124cbeacf724305ab8e37a0d621f09b','obj_fead799c3a08838560a233464bfd0482','obj_1124cbeacf724305ab8e37a0d621f09b','./w?sid=@sid&&cmd=CONSOLE_BYOD_MDM_GENERAL_VIEW&&param={navIndex:1;mesPage:1}','mainFrame',NULL,NULL,NULL,NULL,NULL,1,1,NULL,NULL,NULL);

INSERT INTO SYS_NAV_FUNCTION(ID,DIRECTORYID,FUNCTIONNAME,LINKURL,LINKTARGET,ICON16,ICON64,ICON96,NAVDESC,APPID,ORDERINDEX,ISACTIVITY,NOTIFIER,EXT1,EXT2) VALUES('obj_0dbec2b0de7444d38a5df06fd11d82a8','obj_fead799c3a08838560a233464bfd0482','obj_0dbec2b0de7444d38a5df06fd11d82a8','./w?sid=@sid&&cmd=CONSOLE_BYOD_MDM_EQUIPMENT_LIST&&param=','mainFrame',NULL,NULL,NULL,NULL,NULL,2,1,NULL,NULL,NULL);

INSERT INTO SYS_NAV_FUNCTION(ID,DIRECTORYID,FUNCTIONNAME,LINKURL,LINKTARGET,ICON16,ICON64,ICON96,NAVDESC,APPID,ORDERINDEX,ISACTIVITY,NOTIFIER,EXT1,EXT2) VALUES('obj_6300d1b504ec45cf8d623537b877b3b0','obj_fead799c3a08838560a233464bfd0482','obj_6300d1b504ec45cf8d623537b877b3b0','./w?sid=@sid&&cmd=CONSOLE_BYOD_MDM_SAFETY_WARNING&&param={navIndex:2}','mainFrame',NULL,NULL,NULL,NULL,NULL,3,1,NULL,NULL,NULL);

INSERT INTO SYS_NAV_FUNCTION(ID,DIRECTORYID,FUNCTIONNAME,LINKURL,LINKTARGET,ICON16,ICON64,ICON96,NAVDESC,APPID,ORDERINDEX,ISACTIVITY,NOTIFIER,EXT1,EXT2) VALUES('obj_a31098709d2d4e059e91620e90bd53da','obj_fead799c3a08838560a233464bfd0482','obj_a31098709d2d4e059e91620e90bd53da','./w?sid=@sid&&cmd=CONSOLE_BYOD_MDM_PUSH_NOTIFICATIONS_PAGE&&param=','mainFrame',NULL,NULL,NULL,NULL,NULL,4,1,NULL,NULL,NULL);

INSERT INTO SYS_NAV_FUNCTION(ID,DIRECTORYID,FUNCTIONNAME,LINKURL,LINKTARGET,ICON16,ICON64,ICON96,NAVDESC,APPID,ORDERINDEX,ISACTIVITY,NOTIFIER,EXT1,EXT2) VALUES('obj_021a2ecfd67a40cf8b52670906951812','obj_fead799c3a0883bf7421de14471d4232','obj_021a2ecfd67a40cf8b52670906951812','./w?sid=@sid&&cmd=CONSOLE_PRM_PORTAL_OPEN','mainFrame',NULL,NULL,NULL,NULL,NULL,1,1,NULL,'instanceManage',NULL);

INSERT INTO SYS_NAV_FUNCTION(ID,DIRECTORYID,FUNCTIONNAME,LINKURL,LINKTARGET,ICON16,ICON64,ICON96,NAVDESC,APPID,ORDERINDEX,ISACTIVITY,NOTIFIER,EXT1,EXT2) VALUES('obj_d23434ace23e4217be28800a3cee7018','obj_fead799c3a08826630a0c21ccb7f5770','obj_d23434ace23e4217be28800a3cee7018','./w?sid=@sid&&cmd=CONSOLE_BYOD_MAM_MOBILEPORTAL_PAGE&&param={navIndex:1}','mainFrame',NULL,NULL,NULL,NULL,NULL,1,1,NULL,NULL,NULL);

INSERT INTO SYS_NAV_FUNCTION(ID,DIRECTORYID,FUNCTIONNAME,LINKURL,LINKTARGET,ICON16,ICON64,ICON96,NAVDESC,APPID,ORDERINDEX,ISACTIVITY,NOTIFIER,EXT1,EXT2) VALUES('obj_066c806da2dd49318dd7a52a366eee17','obj_fead799c3a08826630a0c21ccb7f5770','obj_066c806da2dd49318dd7a52a366eee17','./w?sid=@sid&&cmd=CONSOLE_BYOD_MAM_APPLICATION_LIST&&param=','mainFrame',NULL,NULL,NULL,NULL,NULL,2,1,NULL,NULL,NULL);

INSERT INTO SYS_NAV_FUNCTION(ID,DIRECTORYID,FUNCTIONNAME,LINKURL,LINKTARGET,ICON16,ICON64,ICON96,NAVDESC,APPID,ORDERINDEX,ISACTIVITY,NOTIFIER,EXT1,EXT2) VALUES('obj_71b829e1fe0e42fea7efa0ac207215a7','obj_fead799c3a0883bf7421de14471d4232','obj_71b829e1fe0e42fea7efa0ac207215a7','./w?sid=@sid&&cmd=CONSOLE_SLA_HOME','mainFrame',NULL,NULL,NULL,NULL,NULL,3,1,NULL,NULL,NULL);

INSERT INTO SYS_NAV_FUNCTION(ID,DIRECTORYID,FUNCTIONNAME,LINKURL,LINKTARGET,ICON16,ICON64,ICON96,NAVDESC,APPID,ORDERINDEX,ISACTIVITY,NOTIFIER,EXT1,EXT2) VALUES('obj_76213384e8364b05a835c1901ae3f3c2','obj_fead799c3a08826630a0c21ccb7f5770','obj_76213384e8364b05a835c1901ae3f3c2','./w?sid=@sid&&cmd=CONSOLE_BYOD_MAM_NECESSARYAPPLICATION_LIST&&param=','mainFrame',NULL,NULL,NULL,NULL,NULL,3,1,NULL,NULL,NULL);

INSERT INTO SYS_NAV_FUNCTION(ID,DIRECTORYID,FUNCTIONNAME,LINKURL,LINKTARGET,ICON16,ICON64,ICON96,NAVDESC,APPID,ORDERINDEX,ISACTIVITY,NOTIFIER,EXT1,EXT2) VALUES('obj_adb6dc511f7642bda0e71cc803ecf45b','obj_fead799c3a08827271c12fb481382947','obj_adb6dc511f7642bda0e71cc803ecf45b','./w?sid=@sid&&cmd=CONSOLE_M_BM_PORTAL','mainFrame',NULL,NULL,NULL,NULL,NULL,1,1,NULL,'bmportal',NULL);

INSERT INTO SYS_NAV_FUNCTION(ID,DIRECTORYID,FUNCTIONNAME,LINKURL,LINKTARGET,ICON16,ICON64,ICON96,NAVDESC,APPID,ORDERINDEX,ISACTIVITY,NOTIFIER,EXT1,EXT2) VALUES('obj_a589651192ab4697af04be46b79412ff','obj_fead799c3a08827271c12fb481382947','obj_a589651192ab4697af04be46b79412ff','./w?sid=@sid&&cmd=CONSOLE_I_JOB_SCHEDULE_LIST','mainFrame',NULL,NULL,NULL,NULL,NULL,2,1,NULL,'job',NULL);

INSERT INTO SYS_NAV_FUNCTION(ID,DIRECTORYID,FUNCTIONNAME,LINKURL,LINKTARGET,ICON16,ICON64,ICON96,NAVDESC,APPID,ORDERINDEX,ISACTIVITY,NOTIFIER,EXT1,EXT2) VALUES('obj_a48df516fbff483e87b9271e746f2cba','obj_fead799c3a08827271c12fb481382947','obj_a48df516fbff483e87b9271e746f2cba','./w?sid=@sid&&cmd=CONSOLE_I_CC_MAIN','mainFrame',NULL,NULL,NULL,NULL,NULL,3,1,NULL,'cc',NULL);

INSERT INTO SYS_NAV_FUNCTION(ID,DIRECTORYID,FUNCTIONNAME,LINKURL,LINKTARGET,ICON16,ICON64,ICON96,NAVDESC,APPID,ORDERINDEX,ISACTIVITY,NOTIFIER,EXT1,EXT2) VALUES('obj_b86858dad50c4ca09421efefa85f0eda','obj_fead799c3a08824e229cd53849037105','obj_b86858dad50c4ca09421efefa85f0eda','./w?sid=@sid&&cmd=CONSOLE_ADMIN_AMC_DASHBOARD_PAGE&&param={navIndex:1}','mainFrame',NULL,NULL,NULL,NULL,NULL,1,1,NULL,NULL,NULL);

INSERT INTO SYS_NAV_FUNCTION(ID,DIRECTORYID,FUNCTIONNAME,LINKURL,LINKTARGET,ICON16,ICON64,ICON96,NAVDESC,APPID,ORDERINDEX,ISACTIVITY,NOTIFIER,EXT1,EXT2) VALUES('obj_2daac0a24d7d47cd933e580aa142c8bd','obj_fead799c3a08826630a0c21ccb7f5880','obj_2daac0a24d7d47cd933e580aa142c8bd','./w?sid=@sid&&cmd=CONSOLE_P_ORGANIZATION','mainFrame',NULL,NULL,NULL,NULL,NULL,1,1,NULL,'org',NULL);

INSERT INTO SYS_NAV_FUNCTION(ID,DIRECTORYID,FUNCTIONNAME,LINKURL,LINKTARGET,ICON16,ICON64,ICON96,NAVDESC,APPID,ORDERINDEX,ISACTIVITY,NOTIFIER,EXT1,EXT2) VALUES('obj_3a562f7f40c94801b7100cf2e2630d10','obj_fead799c3a08826630a0c21ccb7f5880','obj_3a562f7f40c94801b7100cf2e2630d10','./w?sid=@sid&&cmd=CONSOLE_P_SECURITY','mainFrame',NULL,NULL,NULL,NULL,NULL,2,1,NULL,'security',NULL);

INSERT INTO SYS_NAV_FUNCTION(ID,DIRECTORYID,FUNCTIONNAME,LINKURL,LINKTARGET,ICON16,ICON64,ICON96,NAVDESC,APPID,ORDERINDEX,ISACTIVITY,NOTIFIER,EXT1,EXT2) VALUES('obj_9ab8876a3b93483688393e91074f67db','obj_fead799c3a08826630a0c21ccb7f5880','obj_9ab8876a3b93483688393e91074f67db','./w?sid=@sid&&cmd=CONSOLE_P_NAV_MAIN_PAGE','mainFrame',NULL,NULL,NULL,NULL,NULL,3,1,NULL,'navigation',NULL);

INSERT INTO SYS_NAV_FUNCTION(ID,DIRECTORYID,FUNCTIONNAME,LINKURL,LINKTARGET,ICON16,ICON64,ICON96,NAVDESC,APPID,ORDERINDEX,ISACTIVITY,NOTIFIER,EXT1,EXT2) VALUES('obj_eea6258980a8427fb12cbf743b0a01f3','obj_fead799c3a08826630a0c21ccb7f5880','obj_eea6258980a8427fb12cbf743b0a01f3','./w?sid=@sid&&cmd=CONSOLE_P_PORTLET_LIST','mainFrame',NULL,NULL,NULL,NULL,NULL,4,1,NULL,NULL,NULL);

INSERT INTO SYS_NAV_FUNCTION(ID,DIRECTORYID,FUNCTIONNAME,LINKURL,LINKTARGET,ICON16,ICON64,ICON96,NAVDESC,APPID,ORDERINDEX,ISACTIVITY,NOTIFIER,EXT1,EXT2) VALUES('obj_7c5c791cb44440b0a4ea62a147f1766f','obj_fead799c3a08826630a0c21ccb7f5880','obj_7c5c791cb44440b0a4ea62a147f1766f','./w?sid=@sid&&cmd=CONSOLE_P_LF_STYLE_MAIN','mainFrame',NULL,NULL,NULL,NULL,NULL,5,1,NULL,NULL,NULL);

INSERT INTO SYS_USERPROFILE(USERID,PROFILEKEY,PROFILEVALUE) VALUES('admin','console','9');

INSERT INTO SYS_FUNCTION_ACCESS(ID,CATEGORYTYPE,ACCESSUSER,ACCESSTIME,RESOURCETYPE,RESOURCEID,EXT1,EXT2) VALUES('obj_2e832849c0ab4e73b3ec0e20c610573b',1,'admin', sysdate,8,'5cd55d85-fe90-4c35-9fbd-84de5b43281c','1',NULL);

INSERT INTO SYS_FUNCTION_ACCESS(ID,CATEGORYTYPE,ACCESSUSER,ACCESSTIME,RESOURCETYPE,RESOURCEID,EXT1,EXT2) VALUES('obj_97b76fb92a2d4399983e07d79d8db80c',1,'admin', sysdate,8,'81bac52c-170a-46d0-9aff-8aa8a25b26c4','1',NULL);

INSERT INTO SYS_FUNCTION_ACCESS(ID,CATEGORYTYPE,ACCESSUSER,ACCESSTIME,RESOURCETYPE,RESOURCEID,EXT1,EXT2) VALUES('obj_a240067d55d249d0b6d39ff72646c82b',1,'admin', sysdate,7,'1924ae2b-4b41-41f0-a6d8-427d425fd974',NULL,NULL);

INSERT INTO SYS_FUNCTION_ACCESS(ID,CATEGORYTYPE,ACCESSUSER,ACCESSTIME,RESOURCETYPE,RESOURCEID,EXT1,EXT2) VALUES('obj_822704daceea435a8ac9ce9c17d9aa3c',1,'admin', sysdate,7,'a2466571-b615-42bb-86b4-b9c9c15d6730','用户',NULL);

INSERT INTO SYS_FUNCTION_ACCESS(ID,CATEGORYTYPE,ACCESSUSER,ACCESSTIME,RESOURCETYPE,RESOURCEID,EXT1,EXT2) VALUES('obj_aa901f970e114f1480cb78e8a21aeb19',1,'admin', sysdate,7,'d102c89d-55f3-4865-9d5c-c00b7f47b803','系统',NULL);

INSERT INTO SYS_FUNCTION_ACCESS(ID,CATEGORYTYPE,ACCESSUSER,ACCESSTIME,RESOURCETYPE,RESOURCEID,EXT1,EXT2) VALUES('obj_e8c86ef5f29b4d46924c8e712195bdb2',1,'admin', sysdate,6,'610ce679-47af-4411-ab92-75424bca2acc','8911e732-b42a-4556-853f-ad32761bcbee','5bc3a2dc-3bd2-4376-bcc3-5612e28e55fe');

INSERT INTO SYS_FUNCTION_ACCESS(ID,CATEGORYTYPE,ACCESSUSER,ACCESSTIME,RESOURCETYPE,RESOURCEID,EXT1,EXT2) VALUES('obj_68d6a84569c140219703f1716ef29ac8',1,'admin', sysdate,8,'815cdf54-62c8-44c0-a578-8b346ae97259','1',NULL);

INSERT INTO SYS_FUNCTION_ACCESS(ID,CATEGORYTYPE,ACCESSUSER,ACCESSTIME,RESOURCETYPE,RESOURCEID,EXT1,EXT2) VALUES('obj_d2369a6e61694cd89a62ea2f586f1a77',1,'admin', sysdate,8,'ff6a0ce9-1a01-4091-b8c2-7eb3547b0c31','1',NULL);

INSERT INTO SYS_PATCH_BOOTSTRAP(ID,CLASSNAME,PATCHNAME,PATCHDESC,PATCHDATE,BEGINTIME,ENDTIME,PATCHSTATE,ERRLOG,INSTNAME) VALUES('e2d04cb5-b0db-495e-a7c9-df08076d51d7','com.actionsoft.bootstrap.upgrade.impl.Upgrade1_DropVersionTable','删除PUB_VERSION表','该表被作废','2015-09-15', sysdate, sysdate,1,NULL,'aws-node#1');

INSERT INTO SYS_PATCH_BOOTSTRAP(ID,CLASSNAME,PATCHNAME,PATCHDESC,PATCHDATE,BEGINTIME,ENDTIME,PATCHSTATE,ERRLOG,INSTNAME) VALUES('05b083a3-b112-44b8-90b2-938afb35a22b','com.actionsoft.bootstrap.upgrade.impl.Upgrade2_CoEDoccenter','CoE中增加组织模型导入功能','CoE中的组织模型导入功能需要一个Excel模板，升级时在doccenter中增加该文件','2015-09-25', sysdate, sysdate,1,NULL,'aws-node#1');

INSERT INTO SYS_PATCH_BOOTSTRAP(ID,CLASSNAME,PATCHNAME,PATCHDESC,PATCHDATE,BEGINTIME,ENDTIME,PATCHSTATE,ERRLOG,INSTNAME) VALUES('439b21d5-6cae-417e-9f1c-7757413dfc32','com.actionsoft.bootstrap.upgrade.impl.Upgrade3_CoEUpdateTableUpfile','修改表SYS_COE_PAL_UPFILE','增加字段：download, createuser, createtime','2015-10-19', sysdate, sysdate,1,NULL,'aws-node#1');

INSERT INTO SYS_PATCH_BOOTSTRAP(ID,CLASSNAME,PATCHNAME,PATCHDESC,PATCHDATE,BEGINTIME,ENDTIME,PATCHSTATE,ERRLOG,INSTNAME) VALUES('040075dd-84ba-4b8e-9d91-90ca2d725af8','com.actionsoft.bootstrap.upgrade.impl.Upgrade5_DWDBUpgrade','修改表SYS_DW_USER_PROFILE','增加字段：page','2015-11-03', sysdate, sysdate,1,NULL,'aws-node#1');

INSERT INTO SYS_PATCH_BOOTSTRAP(ID,CLASSNAME,PATCHNAME,PATCHDESC,PATCHDATE,BEGINTIME,ENDTIME,PATCHSTATE,ERRLOG,INSTNAME) VALUES('55d57653-c9d9-48f0-9d56-316ee4c99db2','com.actionsoft.bootstrap.upgrade.impl.Upgrade6_OrgDeptAddWorkCanlendarField','修改表ORGDEPARTMENT，增加WORKCANLENDAR字段','增加字段：ORGDEPARTMENT增加WORKCANLENDAR字段，用于一个部门设置一个工作日历','2015-11-09', sysdate, sysdate,1,NULL,'aws-node#1');

INSERT INTO SYS_PATCH_BOOTSTRAP(ID,CLASSNAME,PATCHNAME,PATCHDESC,PATCHDATE,BEGINTIME,ENDTIME,PATCHSTATE,ERRLOG,INSTNAME) VALUES('e0e31f0a-102a-442d-9c67-ac9aac83e094','com.actionsoft.bootstrap.upgrade.impl.Upgrade9_OrgRoleAddNoField','修改表ORGROLE，增加ROLENO字段','增加字段：ORGROLE增加ROLENO字段，用于存储角色代码','2016-01-15', sysdate, sysdate,1,NULL,'aws-node#1');

